"Country Code","country name","1970","1971","1972","1973","1974","1975","1976","1977","1978","1979","1980","1981","1982","1983","1984","1985","1986","1987","1988","1989","1990","1991","1992","1993","1994","1995","1996","1997","1998","1999","2000","2001","2002","2003","2004","2005","2006","2007","2008","2009","2010","2011","2012"
"ABW","Aruba","37.30684","37.30684","37.30684","37.26207","37.26207","37.26207","37.26207","37.26207","37.26207","37.26207","37.26207","37.30684","37.35162","37.3964","37.38839","37.43317","37.47794","37.57551","37.62029","37.66507","37.70984","37.70184","37.70184","37.70184","37.69383","37.79224","37.60065","37.87","37.9611","38.63191","39.31532","39.3784","39.2873","39.46644","39.32718","39.73506","42.02114","41.60381","44.335","44.03445","43.05918","43.11056","43.46549"
"ADO","Andorra",".",".",".",".",".",".",".",".",".",".",".",".",".",".",".",".",".",".",".",".",".",".",".",".",".",".",".",".",".",".",".",".",".",".",".",".",".",".",".",".",".",".","."
"AFG","Afghanistan","15.41929","16.23482","15.76816","16.07651","16.18097","17.10097","17.10097","17.20291","17.50874","17.72019","18.01548","17.9709","18.17983","18.38371","18.17983","18.08709","18.29602","18.29602","18.59694","18.59694","18.74131","18.80983","18.91429","19.07005","18.96811","19.19067","19.4058","19.45564","19.45564","19.83665","19.83665","19.8751","19.91992","22.80153","23.01158","26.5465","26.73499","26.79159","27.29841","28.15932","29.0781","29.30841","30.61697"
"AGO","Angola",".",".",".",".",".","30.0467","33.39925","33.98291","34.36327","31.79086","34.22868","31.67082","34.48598","35.67571","36.37188","34.12434","36.73856","37.59991","37.67145","39.56541","39.07513","38.46432","39.41086","39.19222","42.65306","42.20417","37.85901","40.11146","44.57527","45.43416","45.50969","43.61028","43.2961","44.08574","43.54231","44.62762","45.36975","45.90563","43.91776","41.689","43.21645","43.37298","42.05467"
"ALB","Albania","28.04076","28.93484","24.07026","25.12551","27.77807","27.56463","30.13186","28.58679","24.18171","29.94454","30.42092","29.45079","28.04185","28.8416","28.86683","26.43052","27.58965","29.08744","27.06648","28.61687","23.51488","27.96652","36.28004","34.7346","36.63512","39.1244","35.39761","38.8887","39.8022","38.52089","39.47435","43.65985","47.63927","45.61806","42.78624","46.57433","50.01065","53.4958","56.51215","60.07338","60.1718","56.38597","52.95293"
"ANT","Netherlands Antilles",".",".",".",".",".",".",".",".",".",".",".",".",".",".",".",".",".",".",".",".",".",".",".",".",".",".",".",".",".",".",".",".",".",".",".",".",".",".",".",".",".",".","."
"ARE","United Arab Emirates",".","48.9739","49.03178","50.32974","50.9742","51.58972","52.21382","52.279","53.06948","53.48168","53.7603","54.15424","54.12345","55.13699","55.45806","54.8419","54.94396","53.90186","53.06577","52.4083","52.70958","59.63644","65.4532","65.2324","64.71841","66.12399","67.04214","68.8297","69.68902","69.30957","69.40024","69.91974","69.75575","71.22873","72.6806","72.78777","73.78824","75.30438","75.75774","76.11185","76.12568","76.16017","76.71357"
"ARG","Argentina","42.83353","42.90716","43.26278","43.20222","42.70538","43.11488","43.32315","44.5974","44.44232","44.81606","44.99495","45.64063","44.84942","45.49492","45.99234","46.16708","48.71947","48.2291","47.53124","49.10077","47.45182","49.53747","51.77942","55.65284","57.53081","60.33356","60.97912","62.00491","63.289","63.84296","64.1864","62.04377","62.94717","61.62519","61.99009","60.15476","60.26233","60.26506","59.56553","58.96566","58.77958","57.98938","57.47696"
"ARM","Armenia",".",".",".",".",".",".",".",".",".",".",".",".",".",".",".",".",".",".",".",".",".","27.22114","28.64989","29.52605","31.60469","33.72399","35.5781","36.94616","38.8264","42.5284","46.51316","46.52702","45.79641","46.8634","48.87717","50.42796","51.79808","51.90459","51.62074","52.9894","53.77298","52.93599","57.76149"
"ASM","American Samoa",".",".",".",".",".",".",".",".",".",".",".",".",".",".",".",".",".",".",".",".",".",".",".",".",".",".",".",".",".",".",".",".",".",".",".",".",".",".",".",".",".",".","."
"ATG","Antigua and Barbuda",".",".",".",".",".",".",".",".",".",".",".","42.17775","42.22019","43.07657","43.14811","41.0554","42.34978","42.3711","43.44788","43.56025","42.76753","44.50036","44.47931","44.67383","45.16265","54.99437","46.21001","46.41467","46.6318","46.84436","46.68218","47.19464","48.06045","49.32003","49.2959","50.10083","50.96066","51.12419","49.44001","50.4674","48.43559","50.20304","50.29946"
"AUS","Australia","54.38477","58.54719","59.04553","60.27772","60.61527","66.25883","67.07374","67.60332","68.05647","68.15582","68.25737","68.45769","68.25169","68.98806","69.41559","70.16412","70.78104","71.66914","73.15171","73.59538","74.13015","74.50255","76.26443","77.05036","78.61971","78.77667","77.99958","78.65991","79.5304","80.18087","81.47413","81.92789","81.25266","81.60744","81.44437","81.71281","82.5892","83.15784","81.10702","82.65646","82.61317","82.68404","81.63766"
"AUT","Austria","56.63349","56.87381","57.17757","58.13501","59.43088","59.61752","60.09883","69.77567","70.26525","71.08485","72.33115","73.33861","73.54816","73.29265","74.36873","75.55555","76.42832","76.48914","76.56162","77.0683","77.56896","81.29388","81.59236","82.30443","83.5011","84.82841","86.34441","87.71038","88.58196","89.78182","91.40253","91.2726","90.35133","90.87012","90.86109","90.9924","90.94372","91.98251","91.20036","90.91032","90.40052","90.30067","90.24061"
"AZE","Azerbaijan","25.473","25.473","25.44217","25.44217","25.44217","25.44217","25.44217","25.41135","25.41135","25.41135","25.41135","25.51159","25.53088","25.581","25.63111","25.73135","25.73135","25.83158","25.8817","25.901","26.00123","26.24538","30.41191","30.97882","29.73846","31.20405","35.2329","38.20576","39.0646","43.09779","47.18489","48.33183","51.0898","50.59402","54.15674","54.68953","55.02466","56.97839","55.86172","54.97058","55.75526","56.14367","57.18803"
"BDI","Burundi","14.9885","15.09561","15.31888","15.91305","15.8869","16.00274","16.2867","16.93736","17.00739","17.34862","17.42365","17.65901","17.97378","19.29586","18.66422","18.75543","19.17916","19.55695","19.20588","18.89738","18.57833","18.86292","19.58214","19.72669","19.5204","20.4347","21.41825","22.05511","21.6135","22.99913","24.72004","24.47299","24.21175","25.74844","26.14519","26.98836","26.99553","31.93958","32.10297","32.35222","31.67895","31.80258","32.2615"
"BEL","Belgium","68.26591","68.26943","68.3428","68.85696","69.27721","68.96449","69.27579","69.50306","73.00043","73.43388","73.51859","74.34406","74.93099","75.58046","80.84306","81.48969","81.30354","81.34109","81.367","81.53461","81.34946","83.62152","85.8216","87.22798","88.25378","88.70027","89.60963","90.5751","90.21422","90.63347","91.7615","91.36552","91.48817","91.5447","91.72865","91.40453","91.6938","92.37168","92.21996","92.04351","91.82272","91.43234","90.99508"
"BEN","Benin","15.32997","15.89942","16.01769","16.52394","16.54827","17.56251","17.57253","18.30941","18.39023","18.65002","18.63908","19.47051","20.95626","22.20899","23.64314","23.73367","23.66166","22.77283","22.15693","21.47511","21.7902","23.8711","23.37897","24.12255","25.47743","31.08074","31.07193","32.35838","33.96089","35.43467","36.36535","36.44686","36.37564","36.92263","39.97067","39.77518","40.39387","43.1079","41.47861","42.11986","41.94117","40.99194","40.89564"
"BFA","Burkina Faso","24.17891","25.90598","25.43772","25.64728","25.53188","26.44893","26.23975","26.98978","25.99995","26.20508","26.52044","27.09826","27.32758","27.21231","27.551","27.73341","27.42367","27.38132","27.27122","27.28033","27.72046","28.59881","26.65585","29.58305","31.16833","31.21485","31.01858","32.65858","38.13858","37.62923","37.41692","37.10524","37.80841","38.69147","38.96114","39.40802","40.61974","41.78489","41.16367","43.6412","43.2219","42.37834","43.54944"
"BGD","Bangladesh",".","11.77346","13.08173","13.17283","13.20036","13.13028","14.96219","15.26225","15.40113","15.81528","15.86245","15.95478","16.58366","16.53395","16.25692","16.46632","16.76162","16.63104","20.89544","20.88771","20.38099","21.39581","22.53476","22.1242","24.76564","25.30844","26.74563","27.72921","28.65017","30.93971","32.19747","33.05073","33.82406","33.98058","35.83384","36.83128","38.14751","39.96173","39.86734","39.94394","40.58168","41.24387","41.92353"
"BGR","Bulgaria","36.08389","36.36412","36.31734","37.32371","37.53279","38.34798","38.6282","38.90843","40.01542","40.65137","41.21619","41.39804","41.33915","41.47479","41.24424","41.742","41.57402","41.043","39.67243","39.04257","38.63924","38.30772","45.23847","46.00199","47.1719","54.11467","58.17638","58.23491","58.72857","61.45868","64.26219","64.76461","64.08706","66.17538","68.81516","66.92879","70.82535","74.19907","73.42738","71.69219","71.11317","70.97616","76.10822"
"BHR","Bahrain",".","51.15728","51.18591","51.38466","51.54364","51.76941","51.89465","51.89465","52.19592","52.32873","52.47102","52.34486","52.48751","52.73386","53.4897","54.38439","54.45877","53.99382","53.98444","53.74935","54.02011","55.37442","55.89173","56.11464","61.17011","62.08228","64.12309","65.21194","66.15681","66.91744","66.5922","67.50992","67.40651","67.56331","67.44009","66.72493","67.43507","67.8316","68.08603","67.78152","69.17952","69.87194","69.34187"
"BHS","Bahamas, The",".",".",".","39.20253","39.34052","43.82147","45.16999","45.91536","46.85601","46.87046","47.09948","47.33273","47.39322","47.76685","47.65537","47.57023","47.46953","47.11759","46.55963","47.38717","47.53489","47.79787","46.5274","47.32404","46.72231","52.86921","49.49105","49.71796","50.3231","50.85485","51.15266","51.37245","49.90429","49.70962","50.57374","51.36388","51.66415","52.44927","51.51848","51.36719","52.75","53.81525","54.26585"
"BIH","Bosnia and Herzegovina",".",".",".",".",".",".",".",".",".",".",".",".",".",".",".",".",".",".",".",".",".",".","28.87444","31.7725","32.47007","33.04417","35.09147","37.78701","39.31671","42.43174","48.437","51.27934","52.02119","52.82494","55.17664","54.75228","60.66023","62.40044","61.06095","60.81415","62.37932","66.62505","66.18462"
"BLR","Belarus",".",".",".",".",".",".",".",".",".",".",".",".",".",".",".",".",".",".",".",".",".","27.67744","30.06057","28.19003","32.16381","33.35051","35.98003","38.60669","40.81841","41.3845","44.55799","45.51478","45.06589","46.42472","46.56881","45.82262","46.5407","46.98675","48.47318","50.90305","54.6543","59.36617","60.69598"
"BLZ","Belize",".",".",".",".",".",".",".",".",".",".",".","35.16283","35.21489","36.48456","37.56331","37.61251","37.38657","37.45783","37.70186","37.82036","38.51893","38.62168","38.82232","38.9272","40.47854","45.39689","42.75605","42.39899","43.01443","42.57313","44.0228","45.75914","45.61399","46.72833","46.52102","47.78276","48.20967","48.01097","48.10369","47.50304","49.82849","48.68948","49.54478"
"BMU","Bermuda","33.94549","33.94549","33.94549","33.94549","33.94549","33.94549","33.94549","33.94549","33.94549","33.94549","33.94549","33.94549","33.94549","33.94549","33.94549","33.94549","33.94549","33.94549","33.94549","33.887","33.887","34.10956","34.39061","34.61316","34.66278","34.66278","35.20949","35.57397","35.7562","35.97107","36.12068","36.12068","36.21548","36.24443","36.73156","36.78435","36.43035","36.37099","36.52579","36.9003","36.50797","36.46363","36.76728"
"BOL","Bolivia","32.10481","32.08377","32.64042","33.9676","34.80968","35.22274","35.65072","36.63049","37.611","37.92689","38.35445","38.27441","38.05045","38.71118","38.52924","38.94133","39.77293","38.53122","37.41033","36.99735","37.45171","39.36235","38.78517","39.47237","45.15443","41.41582","42.41315","46.91749","53.12612","54.14156","54.82376","53.78951","51.09599","51.78778","53.3675","53.99289","54.59008","53.68437","53.61273","53.42371","52.96071","52.69406","53.76136"
"BRA","Brazil","38.06811","38.24643","38.43686","38.60392","38.76382","38.88532","38.94992","39.1507","39.39711","43.17334","43.50361","43.51416","43.83607","44.64975","44.72545","44.56651","43.98731","43.07895","41.94712","44.46063","44.6727","48.04789","49.89051","51.40947","51.95703","53.06513","54.66496","55.33794","55.39415","56.423","55.721","58.57135","59.22373","57.90446","58.80885","59.51343","59.46559","59.98834","58.6411","59.03645","59.62787","59.45235","59.73502"
"BRB","Barbados","41.26423","41.7003","42.0423","42.07595","41.74845","42.34356","41.40874","41.69462","41.91913","42.79792","42.65468","42.89841","42.84078","43.76266","43.68327","43.8805","44.57288","43.57931","43.38899","42.98886","42.67255","43.28401","42.97019","43.42176","43.92884","49.99518","51.33014","46.25801","46.58204","46.86133","47.69655","48.98477","50.50497","51.25328","51.27117","54.7643","55.91104","56.5702","54.01438","55.65197","56.32016","56.83217","56.87635"
"BRN","Brunei Darussalam",".",".",".",".",".",".",".",".",".",".",".",".",".",".","48.70893","49.16763","50.4203","50.40419","50.40815","50.6911","51.84771","52.41367","58.05293","58.13591","54.42786","57.05199","59.24705","59.59997","60.84526","60.69733","60.62618","60.49097","59.55272","59.91322","59.45166","58.69497","57.91436","58.28777","63.28194","64.89953","65.56828","65.20854","65.38049"
"BTN","Bhutan","20.26874","22.40975","22.35696","22.76725","22.71447","22.35586","22.31108","22.2583","22.2583","22.30998","22.30998","22.67727","22.78284","22.88841","22.98597","23.14322","23.19601","23.19601","23.24879","23.24879","23.35326","24.00722","22.78515","22.77714","23.08585","23.39915","23.39915","23.66308","23.71587","24.09522","25.06477","25.88779","26.24906","25.25259","27.18345","27.00363","27.52402","27.42259","28.30356","28.9147","28.87674","29.08037","29.29762"
"BWA","Botswana","34.26675","34.86539","35.95254","36.37049","36.06943","36.5376","41.6467","42.00597","42.11764","42.08085","42.46285","41.40923","41.53758","43.58155","43.61965","44.09883","44.65932","43.71407","43.70555","42.18147","41.79073","41.42191","40.50277","45.77268","46.63292","41.59669","43.48508","44.67583","45.89904","46.44675","48.63797","49.39748","50.55409","50.74187","50.03644","47.80838","53.76178","54.60656","55.08965","51.78398","46.35409","44.21054","46.13437"
"CAF","Central African Republic","23.05424","23.13242","23.18762","24.88767","24.42449","24.11726","23.68773","24.62084","24.34874","25.08523","24.33108","24.51388","25.21443","26.1837","26.88056","26.11713","24.91224","24.60507","23.33066","22.92811","21.82339","22.15466","22.34933","22.80747","24.97822","25.39055","25.73911","26.57935","26.41331","26.3959","26.79212","26.95563","26.3449","26.75487","26.53678","31.31222","34.2797","32.7239","33.47647","35.52155","35.7419","35.23739","34.95318"
"CAN","Canada","69.50533","70.67474","70.77104","71.8908","72.4613","72.72444","77.61719","78.12948","79.12939","79.72218","79.48566","79.60637","79.02837","79.00153","79.77081","79.72006","79.60429","79.7676","79.4871","78.95758","78.88622","80.41165","81.25305","82.43723","83.45676","84.72436","85.14741","86.05516","87.20236","88.18572","88.79161","88.43335","87.31082","87.36686","87.50169","86.88959","86.42427","86.71281","86.58186","86.00944","86.10062","85.38973","85.03062"
"CHE","Switzerland","62.811","62.96474","62.96648","68.13217","68.34414","68.17438","73.06063","74.55381","75.24915","76.21104","76.57838","77.29278","77.12405","76.69913","77.14421","77.6822","77.60252","77.09492","76.01691","80.88186","80.88357","83.66554","84.02325","85.38997","85.77153","85.99685","86.80367","88.228","89.57317","91.15884","91.37626","90.90553","90.49864","90.34906","88.07135","88.64298","87.98286","88.54533","88.21489","88.38332","87.21681","85.56732","86.03851"
"CHI","Channel Islands",".",".",".",".",".",".",".",".",".",".",".",".",".",".",".",".",".",".",".",".",".",".",".",".",".",".",".",".",".",".",".",".",".",".",".",".",".",".",".",".",".",".","."
"CHL","Chile","46.11717","45.97324","46.1653","46.0645","46.98948","48.39629","48.57521","48.05031","49.01518","49.77985","51.54844","50.80717","50.7873","51.51198","51.4784","51.75568","51.92508","51.4616","50.61633","49.79377","53.57092","56.65066","57.65736","58.87421","60.5426","61.74121","61.96834","63.74548","64.35401","65.78055","66.84029","69.03474","68.68641","69.48232","71.32386","71.75586","72.77888","74.00483","73.61519","72.79665","72.56759","71.96074","71.07725"
"CHN","China","18.70876","19.32519","20.26751","20.93282","21.37501","21.51133","21.72041","21.9295","22.00064","22.07179","22.13858","23.38554","23.74013","24.05988","24.64787","25.49776","26.79858","27.17494","27.84755","27.8635","36.25903","38.10755","39.39146","40.75384","41.32788","43.67654","44.43279","45.86992","51.66973","52.71568","54.16848","57.11364","55.52659","56.27213","58.66829","60.82994","59.96687","61.08252","59.8486","60.25774","60.71957","60.07112","60.14885"
"CIV","Cote d'Ivoire","30.14847","30.56155","31.32789","32.88657","33.39427","33.37412","33.4307","33.74655","34.10062","34.48993","34.79786","35.30769","35.65091","36.21161","36.35598","36.86196","36.08503","36.11015","35.94438","35.2027","34.79467","34.99706","34.79559","34.19941","35.45586","36.35454","37.50549","38.35099","43.42167","45.48031","46.04305","46.39787","47.49005","47.56947","47.72923","48.05094","48.98","50.5358","49.88483","50.54828","49.67818","47.90385","49.69039"
"CMR","Cameroon","24.35567","25.15124","25.04485","25.66","26.69375","27.11149","27.48545","27.8097","28.2447","27.96437","29.31838","29.0557","29.66764","31.09048","32.11758","34.10495","30.87135","30.286","29.82758","28.86339","29.68113","29.80427","36.50322","35.05273","30.09751","29.83065","32.02036","32.64957","36.16372","38.43208","38.96758","38.51773","40.40512","40.45041","43.35921","42.8988","42.09402","42.7631","42.4626","44.00928","42.99168","43.39964","43.29727"
"COG","Congo, Rep.","28.94935","30.52274","29.87741","30.77692","32.83887","32.79608","33.20725","33.23199","33.50013","33.68838","34.71502","34.22762","34.28045","34.68239","34.17676","35.73362","35.76286","34.0063","32.94372","37.35564","35.94788","36.96064","36.14103","38.02313","40.72629","41.5555","41.55231","41.24496","41.01345","41.92686","37.89779","38.02339","39.18713","39.75953","44.72871","46.03768","44.71584","42.77242","42.76136","49.26176","49.0296","45.08348","44.99995"
"COL","Colombia","32.48967","32.44912","32.99999","33.6388","33.74762","34.5236","34.70062","34.64208","34.80247","35.08028","35.41618","35.7359","35.85586","36.5862","37.09703","38.13052","39.0817","39.55608","38.48631","38.15371","38.34306","40.57723","45.72698","48.00903","47.80123","51.68182","49.27423","54.52129","51.06294","51.36267","50.61524","52.7803","52.76056","53.24767","53.79351","52.69419","57.29136","57.76958","56.2865","56.5009","52.67476","59.27487","59.16704"
"COM","Comoros",".",".",".",".",".","16.65764","16.74841","16.94777","20.64502","20.79454","20.83547","21.17945","21.16111","21.09706","21.03822","20.98838","21.21593","21.10023","20.73566","21.10321","21.30713","22.01758","22.65717","22.94618","23.71737","24.09528","23.76181","23.74916","23.78371","25.12592","25.33168","26.32396","26.32876","27.52468","26.86547","27.53967","28.51083","29.55862","30.15568","30.85796","30.85231","30.82575","31.15277"
"CPV","Cape Verde",".",".",".",".",".","27.63157","27.6602","27.6602","27.68883","29.29179","29.6463","31.24272","33.09692","33.80569","33.20464","33.18983","32.44578","31.52394","31.25057","31.23033","31.57042","31.91407","32.16665","37.1784","38.12297","34.1861","34.72561","35.89267","36.25674","37.77518","44.31553","44.69499","41.00039","41.80414","41.82491","43.28474","41.6165","41.93972","42.61269","42.87775","44.16658","43.93662","43.75692"
"CRI","Costa Rica","39.57858","41.60061","41.88534","42.58233","42.70821","42.19241","42.57326","43.15474","43.87708","44.3367","45.10334","49.19186","49.38288","49.3774","48.95972","49.12424","49.1642","49.05935","49.08517","48.7887","49.15685","49.83656","49.27703","52.25506","53.33558","53.25508","54.56821","56.37153","58.52972","60.96782","61.29632","60.31678","60.12281","62.41493","58.89915","61.86958","63.54565","64.95377","63.51535","63.30603","62.12419","61.70769","62.15697"
"CUB","Cuba","32.04316","32.00186","32.64042","32.4997","33.03632","33.71365","34.29158","34.76503","34.88398","34.90583","34.96647","35.03216","35.1341","35.09533","35.05402","35.32107","35.32107","35.27976","35.74817","36.20085","36.29171","36.60765","36.34596","36.87517","43.83809","44.78176","47.89838","48.89181","43.25089","44.22747","43.70913","45.54316","44.4899","45.03901","45.33352","45.79421","48.19406","48.96995","49.74195","49.83984","50.3489","50.44849","45.14776"
"CYM","Cayman Islands","30.37336","30.42612","30.47889","30.53166","30.63719","30.63719","30.68995","30.74272","30.79548","30.79548","30.84825","30.90102","30.95378","30.89158","30.89158","30.94435","30.94435","30.94435","30.99711","30.8105","30.98767","31.16116","31.44592","31.60627","31.54407","31.59684","32.08135","32.37206","32.46896","32.66277","32.75967","33.17604","33.27294","33.36984","33.45731","33.49202","33.68582","33.58044","33.57196","33.58855","33.5539","33.4917","33.52639"
"CYP","Cyprus","43.57981","43.98927","44.40146","44.77946","45.31765","45.90214","47.11391","47.44683","47.51701","47.954","47.19291","46.44455","47.12693","48.38188","48.17362","49.98537","50.1925","49.32094","49.23361","49.12883","49.74964","51.50557","51.27363","51.26682","51.86593","55.25735","56.34058","63.10005","59.70063","64.97505","66.19994","67.33469","67.22123","69.17098","75.96781","75.92992","76.24222","86.85141","86.588","86.07417","85.6765","84.88046","83.54436"
"CZE","Czech Republic",".",".",".",".",".",".",".",".",".",".",".",".",".",".",".",".",".",".",".",".",".",".",".","66.24924","68.52824","71.2993","72.40103","74.74377","75.71399","77.60295","79.26986","80.62315","81.70139","81.60892","83.79266","84.16617","84.42934","85.39178","85.06577","84.57874","84.25126","83.69444","84.09948"
"DEU","Germany","46.12785","49.51926","49.54134","49.66653","54.8695","54.79671","55.04039","55.39928","55.48586","55.42352","56.37562","57.46771","57.81574","57.81739","58.30745","60.53778","60.32325","60.34306","59.91673","59.41903","58.53466","66.59722","67.50445","68.50667","69.58017","70.58866","71.96046","74.25277","76.17493","77.91142","80.43146","79.88549","80.34882","80.54537","80.45045","80.57252","80.78556","81.45273","80.32047","79.39767","79.48986","79.42268","78.86473"
"DJI","Djibouti",".",".",".",".",".",".",".","27.0623","32.6427","32.63469","34.71029","35.41192","34.87635","34.43547","33.38657","33.36797","33.41918","33.43009","33.34095","33.4241","34.09244","34.95322","34.59626","34.82828","42.2872","44.02866","45.54563","37.6088","37.81514","38.63456","38.5154","38.07671","36.52023","37.24846","45.57703","45.12667","47.07646","47.23455","48.10249","49.05704","49.48692","49.47164","49.99765"
"DMA","Dominica","26.20388","28.18874","28.29321","28.24843","28.45737","28.3598","28.46427","28.41949","28.3592","28.12806","29.20802","29.41313","29.8252","30.53818","31.09722","31.25284","31.07021","32.45186","32.68953","32.6471","32.87161","34.16698","34.26095","34.50452","34.56038","35.43832","36.27836","36.86715","36.94246","37.22948","37.91479","38.1748","38.50657","39.1594","38.98748","39.62828","39.52012","39.79141","39.42442","39.53916","39.18489","39.20128","41.14511"
"DNK","Denmark","66.08849","66.30994","66.62026","67.14893","67.20047","67.27308","67.75027","68.72263","69.21054","70.05344","71.29782","75.92876","76.53326","76.55483","76.3252","77.08128","76.48994","76.1814","75.9867","75.37344","76.00977","79.23589","80.57629","82.14655","83.38574","84.05695","84.27029","85.46357","86.21555","86.38261","89.37602","89.5423","88.95399","88.57427","88.47466","89.29646","88.9515","89.57089","88.77795","87.42223","87.46761","87.34083","86.30004"
"DOM","Dominican Republic","30.59511","30.79569","31.95606","32.65932","33.29652","33.66068","33.53996","33.46329","33.56104","33.40141","33.53827","32.44662","30.85839","31.95269","32.1273","34.46943","34.12121","34.4715","34.63066","33.94709","33.60971","31.98764","32.39779","34.26218","33.93645","34.15794","39.32414","40.49726","42.09586","45.12051","51.66033","53.68008","50.55145","51.17414","55.49689","56.10075","59.3138","60.88053","55.67186","55.32863","60.87807","61.05337","61.49755"
"DZA","Algeria","36.32684","36.15928","37.04465","35.50018","38.13248","39.03094","39.7731","38.11596","37.06092","38.61547","38.60207","38.74244","37.67845","33.87196","33.19187","35.33954","33.79419","28.90463","34.37654","40.64515","40.61529","37.30896","41.98507","41.30905","37.24061","45.37647","44.34329","45.43613","35.21719","44.28201","42.61744","48.50444","49.32689","50.20322","51.60261","52.61489","53.44101","43.2321","51.56211","52.95569","51.58429","49.49328","49.35724"
"ECU","Ecuador","29.82653","30.59214","30.86891","31.62444","31.80724","31.96353","32.18129","32.68373","33.40905","33.62479","33.58149","33.73445","35.02294","35.68733","36.15919","36.07797","36.37506","35.8928","35.30846","34.59422","34.58825","40.24359","43.57345","43.90128","43.96792","41.41539","42.17441","50.58809","47.97582","50.82249","51.83407","51.25936","51.06026","55.32662","56.7921","57.21286","57.2716","57.17502","54.91668","53.492","53.73045","54.2112","54.67979"
"EGY","Egypt, Arab Rep.","29.29907","29.73468","30.79589","31.56074","33.38477","34.1297","34.39558","35.39061","35.62874","35.57678","35.06964","37.51044","37.26924","38.07641","38.28396","37.83162","37.38154","36.18646","36.19266","40.05721","40.65009","45.163","47.74086","47.44014","52.80924","52.84178","51.80932","51.64325","52.29608","52.84209","53.64431","54.12801","54.23567","53.50965","54.76634","57.6596","58.39253","58.82433","58.65756","58.65015","59.81965","56.91722","56.33395"
"ERI","Eritrea",".",".",".",".",".",".",".",".",".",".",".",".",".",".",".",".",".",".",".",".",".",".",".","11.29601","14.98094","16.26517","17.34587","20.19329","19.2464","20.4506","22.34213","23.45577","23.97401","25.26087","25.26773","25.25396","25.35872","25.64028","26.33855","26.47542","26.41348","26.6603","27.13102"
"ESP","Spain","45.95227","46.19738","46.96035","46.58308","47.08848","47.05922","47.96534","48.31616","49.04782","49.688","50.07225","59.26114","59.37152","59.84399","60.64222","60.95123","61.05563","61.96067","62.18108","67.30636","68.50601","71.19737","73.41989","75.09285","76.51453","77.38192","78.08537","79.50242","81.39104","82.28686","83.84891","84.27539","83.97237","84.41411","84.35224","84.23134","84.71287","85.40993","84.85961","84.29645","84.39429","84.55963","83.70794"
"EST","Estonia",".",".",".",".",".",".",".",".",".",".",".",".",".",".",".",".",".",".",".",".",".","43.43082","45.37698","48.27277","51.80759","62.61331","64.61296","69.61224","69.88747","70.90324","73.31053","73.94296","74.94651","75.66109","77.34255","77.07027","77.71613","78.40118","78.56049","78.21078","79.07925","79.2142","79.34743"
"ETH","Ethiopia","21.85576","22.09032","22.0595","21.77426","21.77588","21.91767","22.04963","22.24839","22.28742","22.48617","22.55135","22.84466","23.1143","23.0945","23.12599","23.15852","23.53484","23.50261","23.6908","23.77403","23.99063","24.28603","24.90427","24.82669","29.95522","30.49464","26.4852","27.72762","28.79746","29.34076","30.40631","31.21114","31.20428","35.92778","38.43629","38.53859","38.20613","38.24874","37.43822","37.19463","37.44847","36.1758","37.42675"
"FIN","Finland","53.25001","53.51904","54.18383","53.76709","55.00161","55.04591","56.03434","56.94729","58.29992","58.69889","59.18995","60.58977","61.21914","61.66115","66.03173","67.02972","66.78586","66.92172","66.25777","64.78795","65.88451","69.83135","71.56181","73.61856","75.17281","76.29705","82.17968","83.61687","85.0785","85.37492","87.0467","86.92214","86.37589","86.72432","87.45404","85.75694","85.91771","86.90888","86.11998","84.73461","85.45777","85.69599","85.63506"
"FJI","Fiji","32.73853","32.98074","34.07559","34.35125","34.93968","34.11101","34.64943","34.96066","40.71963","40.87173","41.55969","41.68505","42.54083","42.54679","41.93186","42.363","41.58136","41.66446","44.05002","45.14944","42.87469","42.32537","42.72786","43.76323","45.1238","44.99039","49.75833","51.36794","53.21033","52.34964","50.89235","53.34385","53.36708","53.87037","53.94601","54.31517","55.75853","55.65997","55.53231","53.63625","57.06293","56.51751","57.06437"
"FRA","France","56.46043","56.59341","56.67366","56.74614","56.9833","56.79995","57.16464","57.40137","58.75916","62.7656","63.38086","64.77172","65.39428","70.15646","70.78365","70.77222","70.19022","69.8904","70.20724","71.00418","71.92768","74.9669","76.51586","77.21101","76.76714","77.97243","78.0561","79.43417","80.92878","81.27035","82.63752","81.76449","82.29105","82.06068","83.04311","83.17616","83.33878","84.1539","83.71595","83.40459","83.21287","82.69823","82.65464"
"FRO","Faeroe Islands","31.39726","31.39726","31.39726","31.44651","31.44651","31.44651","31.49577","31.54502","31.54502","31.59427","31.59427","31.64353","31.64353","31.64353","31.69278","31.69278","31.69278","31.58547","31.58547","31.53621","31.64749","31.49973","31.39726","30.56296","30.46445","30.37475","30.27153","30.77305","31.36503","32.96812","33.56099","34.06339","34.37636","34.88772","35.29393","35.54708","35.74678","35.84669","35.7404","35.62249","35.73862","35.73862","35.82907"
"FSM","Micronesia, Fed. Sts.",".",".",".",".",".",".",".",".",".",".",".",".",".",".",".",".",".",".",".",".",".",".",".",".",".",".",".",".",".",".",".",".",".",".",".",".",".",".",".",".",".",".","."
"GAB","Gabon","34.5713","36.38819","36.68381","36.71365","36.57361","36.71724","38.14814","39.11727","40.25928","40.38501","40.57119","41.03019","41.54298","41.81557","41.75015","43.62057","43.38285","43.01173","41.92858","41.76372","41.00481","42.51294","42.70248","42.78339","43.71381","42.98468","41.37493","40.60455","47.62574","48.46678","47.08809","43.0944","42.30177","41.42315","47.79528","48.21331","49.15142","49.669","50.35054","51.24282","50.027","47.47655","49.00965"
"GBR","United Kingdom","59.59189","59.58546","61.23513","61.95184","66.37435","65.89449","67.55077","68.7169","69.53813","70.79035","70.96381","71.3377","71.46377","71.82658","72.42044","72.4353","71.71578","76.56796","76.18146","76.23698","76.11948","77.55105","77.81961","79.19006","79.95031","80.2169","81.17995","82.01091","83.01271","84.10698","85.39207","84.67741","84.79343","85.30056","84.36407","84.73038","84.22649","84.25021","83.84315","83.60307","83.84259","83.55447","82.95902"
"GEO","Georgia",".",".",".",".",".",".",".",".",".",".",".",".",".",".",".",".",".",".",".",".",".","28.02224","30.92971","32.6806","33.81503","32.97877","32.97481","33.0226","33.76476","41.16406","43.68542","44.99417","46.63926","47.75305","49.88828","50.08803","53.13642","58.11332","59.99551","60.68691","62.18636","62.42542","63.84105"
"GHA","Ghana","25.91994","25.71714","25.28776","30.40664","32.94596","33.3393","34.3805","34.40741","34.09556","33.87918","34.68574","34.28078","34.63404","34.81877","34.88024","35.46187","35.57122","36.18314","34.89542","33.98012","33.56448","34.75618","35.33709","37.68369","38.7107","39.00751","42.12073","42.04318","43.6557","44.79445","48.16486","48.58627","49.73639","51.50351","53.63575","52.7244","50.06845","51.35546","50.22049","53.25413","52.84026","53.10707","54.31772"
"GIN","Guinea","23.8082","23.8082","23.31441","23.73894","23.93608","24.00288","24.83299","25.09693","25.49444","25.65988","25.72667","25.30786","25.31109","25.40711","26.10639","26.2145","26.90086","26.86496","27.00572","28.38613","28.50098","33.61989","31.92933","31.29838","30.629","31.30191","31.4043","32.55864","34.88276","35.51416","38.10182","39.62019","38.1268","40.51134","36.50293","40.62296","41.34918","41.55401","41.39952","41.82421","40.34089","43.07476","43.75114"
"GMB","Gambia, The","35.20623","35.62049","35.60938","35.45193","35.64455","35.80606","36.28294","36.31519","37.04974","36.61364","35.92675","36.29371","38.80017","40.06789","35.76879","35.00208","35.85741","40.4482","38.90353","39.3292","39.25486","36.12194","35.93985","35.40514","35.09294","36.47475","36.34702","37.34604","43.52389","45.11908","46.61914","47.33927","50.25293","52.03639","52.15946","52.23874","53.31993","53.84027","53.21116","51.89474","52.11023","52.8616","52.96229"
"GNB","Guinea-Bissau",".",".",".",".","18.29356","17.68788","19.65427","21.50511","22.6229","23.68864","24.15855","23.72863","23.99395","22.19329","24.47999","25.2988","27.56717","28.18478","30.15747","30.30377","30.60682","36.42256","37.36354","37.37518","38.84727","38.40143","36.90722","37.03223","35.08673","36.49087","29.88072","30.04497","29.8848","35.91512","35.5055","28.11084","28.95762","30.83092","31.13373","35.63303","36.87862","37.95068","33.409"
"GNQ","Equatorial Guinea","14.8476","14.90902","14.85692","14.80482","14.80482","14.9566","15.4142","15.31","15.2579","15.40968","15.50935","17.54685","17.44264","17.33844","17.17282","17.17334","17.43464","17.4349","17.31058","17.41026","17.86988","18.56799","18.6353","19.39406","19.03432","19.15635","19.38678","19.82761","20.59308","20.98836","21.46679","21.65816","22.47926","23.78452","23.72214","24.23176","24.50642","24.88608","25.18565","25.66727","26.47746","27.05783","27.48735"
"GRC","Greece","46.03036","46.00266","46.1224","46.42557","47.08328","47.14623","47.30016","47.69883","48.11324","48.37614","49.457","51.01138","50.9419","51.80321","52.30878","52.8171","53.3547","52.78577","51.17096","49.78286","50.8255","62.66546","63.58355","67.01744","67.78457","68.20846","69.715","70.82413","72.19554","73.86439","75.23493","79.09814","79.35396","80.42538","80.80437","80.2205","80.99337","82.42453","82.31369","81.01842","80.74938","80.11178","79.07806"
"GRD","Grenada",".",".",".",".","36.30622","36.52317","36.62764","36.58286","36.60841","37.71005","38.41998","38.87067","38.90011","38.96794","39.04216","38.78912","38.77906","38.94923","39.07294","39.52359","40.06699","41.90248","42.08622","42.15015","43.79814","44.59956","44.3755","45.46823","45.86672","46.06119","46.44237","43.73076","44.43208","44.99408","45.10046","45.6335","53.13684","53.31199","53.10732","53.71658","54.30965","54.44483","54.159"
"GRL","Greenland",".",".",".",".",".",".",".",".",".",".",".",".",".",".",".",".",".",".",".",".",".",".",".",".",".",".",".",".",".",".",".",".",".",".",".",".",".",".",".",".",".",".","."
"GTM","Guatemala","30.5307","31.46536","31.9486","33.26194","36.95268","37.08366","37.54236","37.9335","37.7923","37.77388","38.08417","37.81413","37.0702","37.66151","38.22111","37.81456","40.15572","39.71427","39.38533","39.31979","40.60728","40.52757","45.4739","41.65638","45.69444","48.14725","49.14099","45.98417","47.31359","49.16055","49.4286","50.2029","50.32102","50.4264","56.58052","58.92556","59.96444","60.89028","60.86312","60.52108","59.92326","60.47985","60.98659"
"GUM","Guam",".",".",".",".",".",".",".",".",".",".",".",".",".",".",".",".",".",".",".",".",".",".",".",".",".",".",".",".",".",".",".",".",".",".",".",".",".",".",".",".",".",".","."
"GUY","Guyana","32.4377","33.33039","33.74603","34.79917","34.51959","35.46725","36.16635","36.61061","36.0418","37.48655","38.58008","39.15403","38.86655","39.29104","38.93642","39.70015","40.98265","42.97074","43.74542","50.27126","50.72177","46.48378","53.13958","53.87394","54.65274","55.87676","50.82248","51.7081","52.45615","54.37529","59.06816","61.19534","55.16278","56.81676","55.7904","53.74178","57.59312","56.04291","53.60095","52.42951","51.20356","50.125","50.11024"
"HND","Honduras","28.46384","28.32494","28.57509","28.87701","29.31339","30.1014","31.52601","32.0847","32.80436","33.59666","32.93215","32.48621","32.38692","32.83965","33.22733","33.46625","34.09791","33.24044","32.96967","33.10123","34.70153","36.67024","41.33397","42.06523","43.72048","49.19843","50.48507","51.03773","51.46292","52.1523","52.39599","53.12437","55.22803","56.78544","57.32928","58.14434","59.08992","60.20013","59.93548","59.10988","58.49323","58.67009","58.68216"
"HRV","Croatia",".",".",".",".",".",".",".",".",".",".",".",".",".",".",".",".",".",".",".",".",".","42.09589","40.49681","40.80587","42.70285","43.47477","49.06279","51.72894","54.75494","61.66537","63.02301","64.00828","65.73473","68.32223","72.94839","73.92865","74.48341","75.8755","75.7151","75.68871","75.34863","74.75141","75.68958"
"HTI","Haiti","21.79011","21.9324","22.14584","22.61562","22.92337","23.19924","23.41268","23.75374","23.6071","23.52401","23.66559","23.98131","23.78699","24.26996","24.46484","24.90585","24.90561","24.9454","24.75678","24.53875","24.0847","26.86543","27.22806","28.45663","27.07563","27.8704","27.32169","26.90602","26.36932","27.45391","28.69666","27.76666","31.60068","35.42498","35.91301","39.42046","39.31649","39.58629","39.6259","39.38162","39.31697","39.43929","40.69925"
"HUN","Hungary","43.10361","43.47547","44.02677","43.54882","45.70286","45.8693","46.02212","46.66565","47.36942","48.08984","48.37931","48.86633","48.99014","48.72429","48.43397","49.12917","49.25032","47.95594","53.69141","53.50583","58.83895","62.03053","66.01102","68.98573","72.14465","75.07341","76.74276","78.72595","80.2802","80.83834","80.88222","82.15743","81.24009","81.45329","85.18636","85.09333","86.45921","86.36183","86.4944","86.82975","86.54314","85.95871","85.49386"
"IDN","Indonesia","22.83196","23.27603","23.68413","28.35411","30.2476","30.46753","31.65763","32.44153","32.5169","33.1448","28.66706","29.1818","29.20663","30.54288","30.19931","30.39375","30.21697","30.44031","34.09168","33.63898","34.11749","39.08062","40.68302","41.61596","41.84154","44.96085","46.38207","48.56008","52.79369","52.34048","52.70604","52.7108","49.9696","51.02255","53.8357","56.21991","57.50721","57.33358","56.63639","56.67649","56.59967","56.76155","57.39431"
"IMY","Isle of Man",".",".",".",".",".",".",".",".",".",".",".",".",".",".",".",".",".",".",".",".",".",".",".",".",".",".",".",".",".",".",".",".",".",".",".",".",".",".",".",".",".",".","."
"IND","India","24.28424","24.66432","24.73546","25.10957","25.21669","25.41706","25.62973","25.87092","25.91306","25.86037","25.82543","25.84203","25.94469","26.18577","26.28448","26.44916","26.68559","26.23329","30.11156","29.42751","29.61718","31.58985","33.31994","34.4855","35.29541","36.99464","40.75033","41.45731","42.01672","42.56569","43.80518","44.59769","45.28327","46.30414","46.47175","48.22277","49.54617","50.49893","50.10399","49.94812","50.14023","50.24446","50.76674"
"IRL","Ireland","63.28989","63.59734","63.80228","64.4511","65.51105","65.05726","66.59229","71.05424","72.58244","72.76749","73.27527","73.69402","73.70827","74.49274","75.36205","76.06606","76.08633","75.83728","75.22972","74.41528","74.3689","76.25345","77.85205","79.00117","80.30936","81.36645","82.69391","83.58876","85.004","85.80564","86.57571","86.78088","86.69139","86.65691","86.66652","87.02433","86.35486","86.80196","86.16738","92.29129","92.21829","91.99545","91.29915"
"IRN","Iran, Islamic Rep.",".",".",".",".",".",".",".",".",".","32.04626","25.12364","24.55565","24.33669","24.79128","24.55571","25.03872","24.59717","23.12148","22.25309","21.49331","21.22081","23.29815","23.42298","25.85931","25.99107","25.80287","25.89885","26.12478","27.55374","31.00455","33.15509","33.09566","38.80335","39.81316","36.54489","36.85824","39.07959","37.89609","38.15316","40.10896","40.65916","40.74545","41.37547"
"IRQ","Iraq","27.02513","27.29121","27.79932","28.85127","28.35987","29.51698","30.06014","30.72508","30.92897","31.13377","31.1363","32.54213","32.59952","32.64936","32.56888","32.58371","32.76402","32.52488","32.48322","33.9847","34.43814","36.73149","35.17302","35.97359","36.7213","36.86668","37.01455","37.14274","37.377","37.9453","38.38695","36.75313","36.9071","36.50038","36.29925","36.5232","36.35363","37.66547","38.36696","38.12833","39.7639","40.12103","40.21537"
"ISL","Iceland","44.47155","45.61488","46.09679","45.82477","46.21591","46.58485","46.48117","46.56478","47.47957","48.01816","48.36023","55.13938","56.64132","58.25007","59.04399","59.36045","59.00563","57.78245","56.20656","55.51359","55.70464","57.51575","58.9295","65.12746","66.50202","67.61909","68.44014","74.31554","75.50707","76.43925","77.88671","78.09316","76.94926","77.87393","73.27168","72.84247","73.65814","73.78766","78.02563","73.29754","73.05025","68.24774","67.96474"
"ISR","Israel","49.90159","50.78711","50.64211","51.31075","51.23529","52.26812","52.70135","52.67677","53.22859","52.86412","52.32748","51.94958","51.44861","51.09042","51.75377","52.37751","51.48843","51.69155","50.71547","50.95044","50.9832","51.74095","52.23129","56.88627","58.12131","58.68334","60.92884","62.94927","64.99666","66.98735","68.17595","72.38569","72.73405","73.09697","73.29108","74.37133","74.14877","74.63432","78.07705","77.9313","77.84625","72.72687","72.411"
"ITA","Italy","50.47234","50.58995","50.99719","51.10638","51.9661","51.23302","51.1025","51.43568","51.90296","52.19807","52.58366","53.6493","53.76322","53.44908","54.1893","58.76769","58.3483","57.87041","57.81831","63.54181","64.36166","67.04303","68.58076","71.31655","71.8511","72.73194","73.93839","75.90028","77.66427","79.99469","81.33301","80.63364","80.11186","79.58719","80.32216","80.07961","80.34708","81.33559","80.84091","80.49178","80.43837","80.13028","79.50849"
"JAM","Jamaica","40.01712","40.76953","40.81336","41.65072","42.57497","43.29391","44.33477","44.98418","47.38428","48.49991","48.59304","48.49854","47.53216","47.27936","48.20015","48.5544","47.49246","46.63905","45.67324","50.42759","50.50621","47.98214","49.36071","48.13959","49.76155","60.48244","55.65257","56.01935","56.92733","57.27114","58.25762","56.75816","56.37843","57.71017","64.70958","60.40492","62.26656","63.72561","63.154","61.99373","60.79138","61.03147","60.6356"
"JOR","Jordan","36.06984","36.87679","35.95787","37.73877","38.17716","38.97177","39.41769","39.98053","40.6241","41.5854","42.16969","42.7699","43.05667","43.70057","45.96696","46.30039","44.97412","44.51363","44.69549","49.55703","50.19917","52.55255","53.38549","54.95715","54.62241","55.41589","60.04997","61.73394","61.8836","63.88567","65.7607","66.82335","67.38847","68.2552","68.31213","69.99494","70.20526","70.72862","70.54127","69.60629","70.27446","69.19112","68.07966"
"JPN","Japan","33.88798","37.66562","38.11081","38.44742","38.85427","39.37798","39.90744","40.2574","40.30444","40.66269","41.14979","42.22939","42.59818","42.76642","43.66041","44.19094","44.15625","44.50048","44.82349","45.08905","46.0135","47.65758","52.84838","53.60519","53.61037","49.86517","54.31136","55.54574","58.04221","58.32843","59.19762","58.92686","59.3667","60.9212","61.10064","61.46748","65.79662","66.01403","65.39455","65.44193","65.49724","64.62822","65.87239"
"KAZ","Kazakhstan",".",".",".",".",".",".",".",".",".",".",".",".",".",".",".",".",".",".",".",".",".","31.94997","33.28577","32.39981","35.08762","38.66437","39.86623","41.38388","42.10584","45.48202","49.49321","50.84041","51.37369","52.21921","52.64891","53.80959","54.42721","57.98185","58.67714","58.5923","58.00668","59.26099","60.05743"
"KEN","Kenya","25.17396","26.20369","26.26217","26.66862","28.0168","27.95706","28.95892","28.88733","28.82618","28.1712","28.67659","28.808","28.29421","29.0053","29.21188","29.80261","29.69584","28.6723","32.42374","33.13898","33.5176","35.32895","37.39059","41.43715","41.41082","41.69851","40.75626","41.23544","40.48853","41.9278","42.66873","43.39317","44.49689","45.60985","46.31288","46.28392","46.36822","46.90418","46.41871","47.2777","47.19791","46.39476","46.03917"
"KGZ","Kyrgyz Republic",".",".",".",".",".",".",".",".",".",".",".",".",".",".",".",".",".",".",".",".",".","31.79066","34.96228","35.1201","37.66312","39.5506","40.44233","42.65667","48.07838","50.98165","53.02422","51.94211","50.88935","48.51356","50.68545","51.6581","56.0969","57.48186","55.14056","54.42973","54.74664","56.1888","53.90957"
"KHM","Cambodia","24.07741","23.90707","23.76874","23.53342","23.29051","22.79373","22.81227","22.81227","22.85696","22.93247","22.90633","22.96721","22.92644","22.86185","22.90654","22.89659","22.96291","22.91451","22.81675","23.00854","22.93709","22.81063","25.06959","25.72803","28.59243","29.74702","31.99042","32.20547","34.02552","36.262","38.11488","38.43152","39.53397","38.68531","39.60523","44.84692","47.0015","47.43686","47.66592","46.60106","47.81146","48.73061","49.17485"
"KIR","Kiribati",".",".",".",".",".",".",".",".",".","23.9829","26.11656","25.82602","25.53263","25.12383","24.5184","24.3605","23.99947","23.75966","23.49566","23.15138","23.0503","22.94795","23.07329","23.11917","22.99607","23.28647","22.94107","23.18843","23.06559","23.58022","24.05964","24.51437","24.72273","24.62051","24.66686","24.13005","24.69801","23.431","25.37879","25.44732","25.59259","25.53117","25.99537"
"KNA","St. Kitts and Nevis",".",".",".",".",".",".",".",".",".",".",".",".",".","33.72673","33.76513","33.78209","33.58245","33.54859","33.79005","33.88725","34.1875","35.09795","35.21908","35.32398","35.54839","45.08352","36.40833","36.9371","37.17403","37.55066","37.72899","38.1839","38.41419","38.25864","37.7373","37.67195","38.20687","40.69802","40.62349","40.86093","40.98495","39.8718","39.55373"
"KOR","Korea, Rep.","26.86734","27.33069","27.6924","29.08573","29.70496","30.25121","31.08341","31.95532","32.48255","33.56949","35.48791","37.27282","37.18863","36.4717","36.13688","36.01275","36.60618","37.09943","40.95877","42.9357","42.86807","43.53977","45.26846","51.44313","52.42127","53.29855","55.06718","56.41625","58.69532","58.85812","60.19473","62.41494","61.87004","61.65699","63.04988","62.08183","63.05639","64.67716","64.5414","63.91579","64.32857","64.74651","64.648"
"KWT","Kuwait","46.24831","46.26868","46.05418","47.01607","48.80953","49.4848","49.90058","50.8924","51.79028","51.69473","52.48059","53.51803","53.93531","54.7843","60.98864","60.63662","61.18485","59.88374","59.40834","59.10198","60.05562","64.17166","64.65559","64.19462","65.45774","66.00424","67.97878","68.99355","68.95728","68.48421","67.2692","66.66385","66.43192","66.50915","67.23029","68.01313","68.56625","70.2446","70.64458","70.99876","71.0069","70.10001","68.39679"
"LAO","Lao PDR","16.07977","16.01835","15.5555","14.04941","13.98799","13.93589","13.57724","14.31392","15.68309","15.67378","15.67378","15.7352","15.62168","15.50815","16.97622","16.69606","16.5435","16.49685","16.60088","16.74207","16.2843","17.29972","16.5951","16.63569","17.43772","17.92706","19.05466","20.72268","20.78196","22.41105","22.89293","23.9236","23.86769","23.88096","23.76604","24.64378","25.96976","26.35378","26.24631","26.29578","26.29297","26.56101","26.9068"
"LBN","Lebanon","48.078","48.14597","48.01562","48.50813","48.44618","48.64332","48.70499","48.83857","49.5351","49.83089","49.92631","49.91839","50.12148","50.16386","50.77373","51.19699","51.12389","51.46812","51.22354","51.47073","51.58932","52.61139","52.09932","51.77874","51.82169","52.35365","52.84232","55.98609","56.26377","57.47233","58.97287","59.81215","60.74522","62.98925","68.31534","68.92887","69.57651","65.6881","65.62019","64.88112","66.67838","65.96478","64.84933"
"LBR","Liberia","25.02394","25.07282","24.84273","25.30356","25.51065","25.47238","25.74731","26.52722","26.28487","27.03358","27.59866","26.94572","27.051","27.99885","27.95502","27.91008","28.1947","28.25382","28.23645","28.41463","24.26435","25.01544","26.40304","26.73721","27.08896","28.06422","27.91656","27.75021","27.53748","28.5194","28.6031","28.8368","27.35397","27.77382","27.33886","29.05185","29.97715","30.4592","30.56095","31.32368","32.62883","32.49865","39.54506"
"LBY","Libya","35.06737","35.21689","36.48111","37.44842","38.26169","38.56525","39.02538","39.2791","39.53283","39.7799","39.72779","39.72139","39.76482","39.15532","39.39598","39.42385","38.82016","39.62589","39.30396","39.62101","40.79235","42.05471","41.74001","41.0872","41.27357","42.42242","42.866","42.81663","43.81564","50.59014","52.11655","47.97859","42.40442","43.08599","43.19515","43.44988","43.84236","44.14743","51.71099","50.62378","49.84321","43.38018","43.43581"
"LCA","St. Lucia",".",".",".",".",".",".",".",".",".","30.15701","31.59476","31.81124","31.95961","32.06327","32.1703","33.39278","33.52515","33.5482","33.91606","33.94557","34.29994","35.45459","35.66405","36.77449","37.4225","47.06875","39.8261","39.88923","40.28002","40.96334","41.82663","42.9039","43.13061","43.11201","42.38573","43.03733","44.5481","45.79343","46.24536","46.71371","46.89955","46.43629","46.7453"
"LIE","Liechtenstein",".",".",".",".",".",".",".",".",".",".",".",".",".",".",".",".",".",".",".",".",".",".",".",".",".",".",".",".",".",".",".",".",".",".",".",".",".",".",".",".",".",".","."
"LKA","Sri Lanka",".",".",".",".",".",".",".",".",".",".",".",".",".",".",".",".",".",".",".",".",".",".",".",".",".",".",".",".","39.75152","40.92412","47.94331","48.28901","48.40344","49.88362","48.50779","48.82346","51.3361","52.3984","51.29513","49.5723","50.2448","51.02039","51.56428"
"LSO","Lesotho","31.96433","32.40752","32.79667","33.18885","33.38227","34.29768","34.96209","34.54665","34.30521","34.84543","34.84262","35.1131","37.0278","36.19641","36.27892","36.21883","35.78373","35.76408","36.21568","37.2797","36.73826","37.67851","38.02907","36.98544","38.6171","40.48731","41.21426","41.64659","42.22926","42.49614","42.99207","42.41718","43.59306","43.3169","43.30099","41.57103","39.67761","42.03069","45.91698","41.91212","46.93119","45.11589","47.40692"
"LTU","Lithuania",".",".",".",".",".",".",".",".",".",".",".",".",".",".",".",".",".",".",".",".","34.7704","33.67163","35.0199","39.85949","46.00039","49.98699","56.7219","59.56717","60.69698","61.53399","63.02615","65.08369","66.42024","67.66833","69.88777","70.37695","71.39706","73.075","72.40161","68.6885","71.95061","72.94115","72.70896"
"LUX","Luxembourg","71.07464","71.27946","71.18491","69.98732","69.87762","70.02815","70.11558","70.98059","71.23287","70.64991","70.45003","70.56513","70.74483","71.41879","71.76627","76.10585","76.42117","75.66557","74.09874","72.77832","72.94004","75.33743","81.89446","82.61354","77.37571","77.68967","78.57726","79.09675","79.54668","80.16263","80.57272","80.02092","80.42809","81.10915","81.75661","80.47002","80.07017","85.41268","85.2174","85.29693","84.62263","84.23047","83.55926"
"LVA","Latvia",".",".",".",".",".",".",".",".",".",".",".",".",".",".",".",".",".",".",".",".","37.52133","37.16023","39.87577","41.14263","46.42321","49.12095","52.00896","55.31688","56.64379","57.70651","58.6301","60.23892","61.36164","62.4902","67.09457","67.96651","70.0407","70.26147","69.61782","66.12261","69.28222","69.99725","71.05785"
"MAC","Macao, China","34.13969","34.13238","34.13238","34.18059","34.18059","34.22148","34.22148","34.22148","34.22148","34.22148","34.26238","34.26238","34.21417","34.25507","34.24874","35.36256","35.07918","34.96843","35.0145","34.9151","34.965","35.21125","35.62947","35.80178","36.68273","36.4478","38.37241","39.12533","40.02148","40.27796","41.59508","41.67394","41.80418","41.21936","41.11853","41.21207","41.09479","41.51521","42.21031","42.32355","42.02077","42.08352","42.07645"
"MAR","Morocco","30.8124","32.03201","32.7192","33.56655","33.76804","34.17449","34.75357","36.08824","36.47895","36.82895","37.03661","37.40451","37.09444","37.92023","38.6197","39.53116","37.79109","37.22548","36.0402","34.72828","34.94343","40.8303","45.68629","47.59729","47.72474","47.167","43.71727","44.59426","44.21658","45.37158","50.22035","53.21024","54.5776","55.5814","54.83395","57.45842","57.33718","59.49414","59.47927","60.29519","61.96976","64.25634","65.96719"
"MCO","Monaco",".",".",".",".",".",".",".",".",".",".",".",".",".",".",".",".",".",".",".",".",".",".",".",".",".",".",".",".",".",".",".",".",".",".",".",".",".",".",".",".",".",".","."
"MDA","Moldova","31.72092","31.6901","31.6901","31.6901","31.6901","31.6901","31.65927","31.65927","31.65927","31.65927","31.65927","31.65927","31.65927","31.62845","31.62845","31.62845","31.62845","31.59763","31.59763","31.59763","31.59763","30.47229","32.18624","32.07873","34.61433","36.92427","41.1993","46.63599","50.64358","51.08715","53.75704","53.94025","54.18364","59.87613","59.61553","59.05859","62.1768","65.16229","64.54044","63.20266","62.91414","63.72528","62.4524"
"MDG","Madagascar","17.24716","17.28358","17.13857","17.41567","17.99361","18.16016","18.22099","17.97587","18.09386","18.481","18.6326","19.29112","19.27253","19.65008","21.23315","21.52194","21.93439","23.21201","22.92067","22.83674","22.30449","22.83128","22.81508","23.04175","24.12459","24.9629","24.74935","25.79317","26.42496","28.71281","30.38121","32.11358","32.16097","32.94569","41.03487","38.64376","40.82592","41.24384","41.86549","42.18467","41.10392","39.2354","40.76436"
"MDV","Maldives","25.47264","25.47264","25.37443","25.37443","25.32129","25.27621","25.27621","25.22307","25.22307","25.16994","26.75845","26.90919","27.44163","27.17437","27.09072","27.01153","27.21528","27.37411","27.74968","27.81494","27.646","28.4031","28.62394","28.86274","29.46988","29.60806","30.05862","30.93159","31.81184","33.42793","33.90485","34.60545","34.76921","35.43673","35.87618","36.45671","37.89153","38.04836","38.16766","38.19997","38.86278","37.20454","38.06627"
"MEX","Mexico","40.83231","40.59104","40.85809","41.2729","41.09936","41.19748","41.31806","41.57005","41.51841","42.02614","42.08953","42.32874","43.54265","43.86359","42.19802","47.00769","49.6792","49.40023","49.05006","48.70528","49.64583","51.51946","56.80698","56.46283","57.19524","60.56933","56.52075","56.49773","56.7748","56.56828","57.22876","56.91755","57.1674","57.28335","57.20609","59.66033","58.96174","59.51301","58.85949","60.25502","60.31541","60.5771","60.76883"
"MHL","Marshall Islands",".",".",".",".",".",".",".",".",".",".",".",".",".",".",".",".",".",".",".",".",".",".",".",".",".",".",".",".",".",".",".",".",".",".",".",".",".",".",".",".",".",".","."
"MKD","Macedonia, FYR",".",".",".",".",".",".",".",".",".",".",".",".",".",".",".",".",".",".",".",".",".","30.21714","32.32639","32.11449","33.57444","33.67692","33.82354","37.45814","39.41167","40.61453","44.48106","45.85204","47.45097","47.53804","48.36701","53.12248","52.01401","61.36453","58.92317","58.35506","58.66715","59.57615","60.33506"
"MLI","Mali","22.02403","21.85941","21.56833","22.31087","22.69893","22.42995","22.19015","22.8227","22.9037","22.61806","23.15382","24.14701","24.51998","25.66017","25.73717","26.53669","26.12037","25.08836","24.65916","24.21017","25.05529","25.31382","25.01597","28.87001","32.63576","32.91528","33.36634","33.39553","34.15773","36.21704","36.09135","38.64594","41.52192","42.15084","42.8146","42.57465","45.04609","43.1081","43.90866","45.15155","46.31099","45.66432","45.84963"
"MLT","Malta","49.85917","50.12235","49.06288","50.47942","51.18786","50.64974","51.23344","51.76165","52.44278","53.59678","52.98706","52.4726","51.2373","51.27099","51.40103","51.45062","52.08786","50.61931","51.74778","52.55457","52.73305","53.8747","54.33438","55.47081","55.26727","60.9566","63.52107","63.78418","64.96749","65.84998","66.03317","65.08188","68.2501","68.03545","73.86293","74.09158","75.03672","75.9407","75.6663","75.90613","75.94362","75.71566","75.47664"
"MMR","Myanmar","17.41763","17.87386","16.99284","17.45536","17.36362","17.31071","17.27698","17.50489","17.40001","17.54953","17.38665","17.52038","17.48664","17.2565","16.7788","16.92745","16.737","16.52137","16.6697","17.554","18.60195","19.75471","20.20491","20.26103","20.79174","22.74877","23.02671","25.0187","26.78806","26.78191","26.57317","27.28043","27.7786","29.99605","30.58951","30.12437","33.67657","30.53572","30.46826","30.33957","30.27613","30.71441","33.00657"
"MNE","Montenegro","60.56695","60.56695","60.56695","60.56695","60.56695","60.56695","60.56695","60.5332","60.5332","60.5332","60.5332","60.5332","60.5332","60.5332","60.5332","60.49946","60.49946","60.49946","60.49946","60.49946","60.49946","60.49946","60.46571","60.46571","60.49946","60.49946","60.49946","60.49946","60.49946","60.49946","60.49946","61.07603","60.86637","60.02772","61.02362","61.39068","64.35905","65.41405","66.78474","66.69711","67.84496","66.86858","67.27438"
"MNG","Mongolia","26.28146","26.02237","26.18899","26.58489","26.58489","26.75151","27.01544","27.31593","27.25237","27.28541","27.28541","27.54934","27.70524","27.70878","27.19229","27.38085","26.2573","26.40214","26.62513","26.45603","26.16307","28.18068","28.00888","30.6461","30.93925","30.89993","31.14222","34.09766","35.7106","36.2535","37.31124","37.88695","44.0961","45.43627","45.42843","47.30816","50.27273","50.18832","50.89358","54.41758","55.84399","55.48458","57.56596"
"MNP","Northern Mariana Islands",".",".",".",".",".",".",".",".",".",".",".",".",".",".",".",".",".",".",".",".",".",".",".",".",".",".",".",".",".",".",".",".",".",".",".",".",".",".",".",".",".",".","."
"MOZ","Mozambique",".",".",".",".",".","21.16344","21.24932","22.84276","23.06664","25.7961","26.04888","26.65031","27.22417","27.52412","26.59275","26.8061","26.86078","29.54194","29.78292","29.58822","29.02983","30.01441","31.77869","31.8392","32.48973","33.65217","31.89033","34.59715","34.9426","40.6916","42.80655","43.66023","44.76989","43.80547","46.23044","46.58808","47.28805","48.11142","47.95495","48.23082","47.60578","46.38108","45.91434"
"MRT","Mauritania","29.43167","28.99941","30.89776","31.30134","31.12132","30.92448","32.10956","31.8891","30.46474","30.88577","31.98624","33.51158","34.02724","33.85888","33.88888","35.36336","35.64467","34.50407","34.49096","33.36497","32.99684","30.72407","30.42956","34.22385","32.17596","33.06859","33.61481","33.39351","32.48193","33.25769","34.86241","36.61597","36.42128","36.3615","37.74941","39.28072","39.59742","41.24973","47.82436","45.56303","42.01665","44.58143","47.10442"
"MUS","Mauritius","35.10615","35.17036","35.15615","35.36362","35.66238","36.41513","36.64213","37.66366","38.53176","38.81096","40.00659","40.64388","40.79806","40.61385","40.96572","41.52792","41.88902","41.38843","41.6172","41.76431","41.89051","43.33055","44.05731","44.45105","44.44803","46.06818","45.79029","46.80848","48.28111","48.71643","49.0754","54.84683","52.43762","56.47064","55.22182","60.91287","65.28245","67.63897","68.12405","63.85133","65.83691","65.43329","65.90447"
"MWI","Malawi","28.716","29.05317","28.9381","29.00853","29.31731","29.37847","29.24229","29.24925","28.38204","29.83715","29.95046","29.75485","29.15095","30.47572","31.10179","32.86631","33.63718","32.39562","31.42191","29.8581","29.15883","29.10288","29.82356","28.14774","37.56445","37.06161","34.29021","26.96884","29.16476","35.7914","36.00357","38.60953","38.58033","39.73345","40.90794","40.10054","40.43545","42.19578","41.82554","40.50663","42.27956","40.88544","43.44539"
"MYS","Malaysia","40.51791","40.98714","40.98146","41.30347","42.64199","42.45203","44.02308","44.92064","45.82536","45.82079","46.75404","47.29996","51.30242","51.87868","51.07846","52.10116","52.18731","51.84061","55.64509","56.95166","56.51804","56.80656","57.98088","60.39092","62.27822","63.15971","68.21601","69.46403","70.88573","71.60539","72.54671","74.41579","75.71726","75.36449","76.75369","76.27054","77.41175","77.9087","77.39976","77.55577","78.63815","79.31059","79.05484"
"NAM","Namibia",".",".",".",".",".",".",".",".",".",".",".",".",".",".",".",".",".",".",".",".","41.3895","40.83281","41.30109","46.37512","40.72541","42.38028","48.47502","49.48619","50.75251","50.56942","51.49182","52.86276","53.08076","52.65495","55.74704","54.29285","53.19778","55.74635","55.66476","55.74711","55.47908","58.23055","59.22529"
"NCL","New Caledonia","39.42996","39.47126","39.47126","39.42258","39.46387","39.46387","39.5702","39.65526","39.74033","39.67653","39.69164","39.54278","39.63523","39.5289","39.50764","39.50764","39.41026","39.38899","39.38899","39.3403","39.38899","39.70893","39.73635","38.64351","38.32684","38.01016","39.98626","40.51009","40.55447","41.06123","41.74499","41.95311","42.25727","42.36421","42.48875","42.83571","42.61636","42.8068","43.00463","42.90725","42.97818","42.61519","42.59366"
"NER","Niger","16.61236","17.32994","18.31909","18.50299","19.18084","20.44882","22.91085","22.8149","24.24318","23.25623","25.04804","25.12234","25.23366","25.57757","26.82009","27.96117","26.81725","27.29351","26.44535","25.03084","25.19147","24.14452","25.20753","25.09025","31.39165","31.2655","26.03906","30.31791","31.42116","28.92757","29.9792","29.47185","30.30562","30.14223","34.37634","35.29865","37.22931","36.38753","37.34386","40.57831","40.69343","40.48412","41.6118"
"NGA","Nigeria","27.83718","28.78516","29.04697","30.22068","31.02846","31.80694","32.58352","33.11447","37.06566","37.61826","39.09118","38.60067","37.99549","37.29142","33.48129","34.09531","34.204","37.18071","40.02461","40.18863","39.9507","41.80925","42.81327","44.24022","43.33567","44.04523","44.90002","47.10492","46.74836","46.97658","49.05229","49.74035","47.75454","49.12827","47.2783","48.57426","50.67405","54.24901","53.54811","55.33067","55.64384","55.02906","54.04757"
"NIC","Nicaragua","33.26118","33.58899","34.01117","34.23512","35.02723","35.09442","35.00806","35.07877","35.18383","35.16647","34.8523","35.11066","34.11396","34.80658","34.7917","35.27985","34.63613","33.5544","35.76958","36.77135","35.99189","38.17053","38.20756","39.1856","37.83179","40.47665","41.85513","43.47049","46.884","50.30551","52.1881","51.62521","52.48626","53.32382","52.47327","51.48071","53.43596","53.99059","53.24846","54.09203","53.92934","53.36422","54.08918"
"NLD","Netherlands","64.34911","65.44841","68.88171","69.23782","70.50307","70.75637","71.23772","71.79661","72.34509","74.85273","75.80598","76.91901","81.89185","81.91359","82.52985","83.11538","81.79729","81.41623","81.23495","81.67207","81.67233","83.75981","86.06633","86.33314","86.67778","87.1219","87.3035","87.76691","89.0217","91.0892","91.98087","91.55164","90.57948","91.35211","90.58076","90.46898","90.74006","91.95993","91.24152","90.56321","91.2658","91.30176","91.23917"
"NOR","Norway","61.99398","63.25014","63.2287","63.76363","64.58035","64.64028","65.33375","66.20073","67.76398","68.84184","70.16362","70.3129","70.96929","74.63543","75.22952","75.5853","76.41666","76.338","76.45737","75.50262","75.93689","78.147","78.11022","78.7906","80.14151","80.65002","81.79163","82.58421","82.75262","83.02431","84.2622","84.42943","83.33417","84.03918","83.05017","80.9276","82.44765","83.12325","82.91405","83.64211","82.90187","82.58557","83.30222"
"NPL","Nepal","13.56295","13.72378","13.89478","14.15079","19.8315","14.99643","14.92656","14.99299","20.46507","20.6205","20.44798","20.51211","20.41574","14.96838","15.44264","21.06231","21.21696","21.57821","22.0031","22.16323","22.35295","22.98117","24.09543","25.01999","25.41778","26.31693","28.31371","29.71808","30.12541","30.68096","34.36866","35.08655","35.4523","33.89256","34.25824","35.96797","36.27758","35.92956","35.7915","36.95321","38.53327","38.26533","38.5354"
"NZL","New Zealand","53.85793","54.26797","54.77689","55.10109","55.63959","57.0933","61.84221","62.25824","62.51924","62.36475","62.55983","62.45144","62.3911","63.131","64.64537","64.589","64.04538","64.02275","64.70809","64.82958","65.18397","67.10299","68.93362","70.79309","73.05727","73.7653","73.96382","74.85441","75.20924","78.11464","79.9727","79.7611","79.49303","78.59992","78.81202","78.38895","79.15224","79.30043","79.34135","79.06632","79.1926","78.94606","78.28565"
"OMN","Oman",".","43.75338","44.08298","46.57228","47.36421","47.31742","47.01702","46.82492","46.38448","46.88968","46.72342","46.79166","47.44522","47.77917","48.23731","48.55772","49.40119","48.81711","48.29461","47.79879","47.39055","47.894","47.57735","47.6601","51.63403","51.60746","52.34253","53.80019","55.27626","55.55165","57.12815","59.18925","55.42892","55.71032","56.63696","58.0933","57.46938","60.03188","60.28101","60.99725","60.30717","59.92562","61.58286"
"PAK","Pakistan","26.18638","26.12291","26.40758","26.97911","27.27414","27.33983","27.33252","27.7855","27.79431","27.83477","27.48875","26.85744","26.79161","26.97647","27.25962","27.59911","27.98182","28.22829","28.15895","32.5864","33.10364","34.30948","35.51081","36.67072","37.26162","37.44288","39.0185","40.39562","43.87869","43.90742","46.05139","47.46079","50.25366","48.61856","48.54685","49.8081","50.20691","51.09109","50.74063","50.67786","50.49793","49.96045","50.98819"
"PAN","Panama","51.63118","52.94532","53.46011","59.47403","60.42169","55.23048","56.09542","56.08385","56.02174","55.82686","55.65706","55.15414","54.69558","55.32357","54.87862","54.90939","55.10883","54.28468","53.44208","58.2229","57.98543","54.8741","54.60487","55.0643","55.45004","56.45173","57.722","59.02534","60.80814","61.72683","62.97631","63.98383","62.50762","63.08617","64.07803","64.19553","65.1646","66.45771","67.25743","68.25966","67.55812","67.1098","66.84191"
"PER","Peru","30.73047","32.38689","32.4053","37.58767","38.43334","38.23859","33.25863","33.91593","35.25257","35.91883","35.43404","35.45329","35.32681","36.8635","36.32885","36.72785","36.54549","35.55777","40.80249","38.8827","39.08504","40.11747","41.15673","38.88495","40.16504","41.89599","46.93826","48.7851","49.39193","50.47543","56.20649","56.36295","56.08549","57.08805","58.84414","60.5971","61.78935","64.57224","65.18552","65.04652","65.33557","65.69804","65.0939"
"PHL","Philippines","27.80665","28.88996","28.74183","29.40905","30.35749","30.37954","31.08478","31.46324","32.14698","32.75047","33.69121","37.48553","38.29269","39.3435","39.95152","40.23521","40.78666","40.30358","39.80772","39.62642","39.6151","41.16282","45.88372","46.91039","47.3851","48.44489","45.26823","47.46065","48.02569","52.81551","54.86852","56.29929","56.36795","55.85886","58.98939","58.49869","58.4536","57.84632","56.14133","56.63171","56.66515","56.9787","57.12527"
"PLW","Palau","29.60464","29.66045","29.66045","29.66045","29.71625","29.71625","29.82787","29.88367","29.88367","29.93948","29.99529","30.21851","30.44173","30.60915","30.83238","30.9998","31.16721","31.33463","33.53557","33.64718","33.70299","33.7588","33.87041","33.92622","33.98203","35.20532","35.48368","35.48368","35.9846","36.31844","36.31844","36.541","36.541","36.65228","37.35817","37.62258","46.33228","46.35231","46.26104","46.71734","46.84183","46.88187","47.59261"
"PNG","Papua New Guinea",".",".",".",".",".","30.73603","32.75264","33.31459","33.55639","34.58327","35.35443","35.14768","35.18839","34.36726","34.80557","34.78844","35.51392","34.93061","35.40102","35.51033","35.93642","36.32645","36.03836","35.26329","34.52908","35.74495","36.49102","37.0549","37.96727","39.36508","38.53509","38.45084","41.82956","41.83689","40.65179","40.48175","41.82952","46.58817","46.47287","46.14384","46.66858","49.57628","49.18065"
"POL","Poland","41.94143","42.12436","42.13356","47.28045","48.03481","48.08987","48.45117","48.59296","49.50753","50.22667","50.03049","50.57977","50.89903","51.03991","51.28255","51.75529","51.79018","51.65834","49.42697","48.29475","49.39498","54.92221","60.77275","63.8723","64.31931","66.19951","66.81448","68.35207","70.47662","71.02985","71.70881","70.72929","71.7101","73.80887","79.75848","78.23099","79.87648","81.09647","79.70636","80.50541","79.58988","79.14784","79.42777"
"PRI","Puerto Rico",".",".",".",".",".",".",".",".",".",".",".",".",".",".",".",".",".",".",".",".",".",".",".",".",".",".",".",".",".",".",".",".",".",".",".",".",".",".",".",".",".",".","."
"PRK","Korea, Dem. Rep.",".",".",".",".",".",".",".",".",".",".",".",".",".",".",".",".",".",".",".",".",".",".",".",".",".",".",".",".",".",".",".",".",".",".",".",".",".",".",".",".",".",".","."
"PRT","Portugal","47.29702","47.58854","47.90191","48.35929","49.52269","49.45054","49.88262","50.62656","51.72623","52.08233","52.44325","53.23624","53.84556","54.56473","56.12912","55.84644","55.08238","54.50589","54.39692","53.68298","54.22695","61.53397","67.48771","70.60633","72.13927","73.38155","75.60654","76.96497","78.06778","78.59605","80.92374","81.69755","80.37018","80.92443","85.88958","85.23338","86.18866","87.12314","86.95442","86.59258","87.30745","86.72764","86.28988"
"PRY","Paraguay","29.53782","29.84855","30.02619","30.3061","30.67765","31.48655","31.47953","32.0174","32.36631","31.52486","31.59992","30.57068","29.94471","30.59895","31.26296","32.54706","32.81214","33.21903","32.32447","32.13596","32.43052","33.7159","35.21898","36.79903","38.65275","39.5043","42.91277","44.77313","45.73407","44.11278","45.71195","50.90136","49.9275","51.46617","54.00403","56.89115","57.39075","57.57089","56.6958","58.12236","58.10107","57.5949","59.28572"
"PYF","French Polynesia","37.45538","37.4893","37.53061","37.61321","37.54203","37.49827","37.49704","37.40459","37.40336","37.43851","37.54361","37.50723","37.42094","37.39967","37.4684","37.51709","37.44714","37.39845","37.37718","37.23111","37.33894","37.63596","38.03677","38.46722","38.56765","38.57906","38.68565","39.33231","40.92052","41.2427","41.69497","42.0726","42.27214","42.40231","42.16175","42.45196","42.35936","42.20444","41.54831","43.08246","43.17663","35.98503","32.82024"
"QAT","Qatar",".","50.09462","51.13231","53.0547","53.05631","53.44548","53.64262","53.90494","54.06672","54.26386","54.43209","54.69835","54.98227","54.89763","54.85353","54.96442","55.21943","55.16479","55.26319","55.19569","55.35909","56.34027","56.57169","57.24949","57.65137","58.7722","59.93034","61.02249","61.9577","62.00622","61.90811","63.24363","63.29278","64.48091","64.78667","65.1356","69.64162","72.16822","72.11933","72.36933","72.84708","72.16671","72.24956"
"ROM","Romania","32.55363","32.69592","33.79293","33.78954","35.18583","35.53831","36.06117","36.19475","36.80457","37.29388","37.8206","38.14148","38.35491","38.50702","38.513","38.36559","38.33508","37.24174","35.10822","33.75645","34.24632","39.36535","40.38028","41.91006","44.92556","50.63044","53.40034","56.00117","56.85387","58.47989","61.64658","60.60434","62.66317","63.13559","64.92727","66.76992","66.60374","75.34869","74.61004","74.10762","73.19865","72.10413","72.26978"
"RUS","Russian Federation",".",".",".",".",".",".",".",".",".",".",".",".",".",".",".",".",".",".",".",".","37.22738","38.15515","42.07566","45.7952","46.71223","49.24948","50.40779","51.66043","54.20262","55.15353","61.53128","63.86623","65.08923","66.08893","65.83376","66.08473","66.09467","67.26142","64.74863","66.50197","65.91346","65.28072","65.89925"
"RWA","Rwanda","14.34134","14.6183","14.4487","14.41656","15.04173","15.08757","15.35064","15.76098","16.33465","16.61466","16.5549","16.74326","17.06838","16.87767","16.86432","17.45732","17.96008","17.8212","17.96544","17.75268","17.59822","19.02102","19.18137","19.40713","22.09671","20.60042","21.87556","22.20346","23.08444","24.25201","25.19351","27.83109","28.62179","29.33654","30.70645","33.10226","34.75457","35.8326","37.15413","38.69139","41.98838","43.59703","43.68014"
"SAU","Saudi Arabia","42.27281","42.82044","41.08497","46.62432","44.3612","45.03735","45.62569","46.78015","47.59393","45.38889","47.2569","48.72002","49.4173","54.64005","56.11387","55.20261","54.47293","53.36903","51.73441","50.92794","50.41182","53.27975","53.42841","64.43685","63.89425","57.82133","58.92324","60.21627","61.01324","61.91265","62.65937","63.63623","64.33234","64.45928","64.12729","64.54704","65.64197","67.14142","67.92736","68.58334","68.55392","67.24905","65.27106"
"SDN","Sudan","22.25309","22.26219","22.4878","22.72216","22.72678","22.98238","22.7362","22.84855","22.53446","22.87605","23.60783","24.30275","24.43319","25.12849","23.49194","22.23227","21.72425","21.37835","21.32922","26.00216","25.999","23.2022","23.4436","21.63307","21.61075","22.00655","23.05814","23.24385","24.65463","26.23264","31.11384","32.24497","33.16656","34.03804","34.71508","35.98901","37.04996","35.9032","37.54485","36.04204","35.3926","31.35439","31.54338"
"SEN","Senegal","28.05016","28.56527","29.41171","29.95528","37.07354","37.55194","37.48932","32.97317","38.41737","38.13816","38.40678","39.76781","39.45063","40.49554","41.03165","34.54757","33.77228","32.87558","36.59854","36.12711","35.8483","36.68181","37.2074","37.57876","40.27311","40.34175","41.4815","42.22208","44.36205","46.14342","47.14388","46.19736","49.0761","49.89296","51.00954","49.79921","51.3339","52.22415","52.30799","53.45361","52.57656","52.32516","54.00299"
"SGP","Singapore","58.27015","58.71391","59.2215","60.53054","61.04738","61.24295","62.22878","62.8068","68.57375","72.56538","73.32684","73.79823","73.86092","74.15941","73.41403","73.93829","74.84336","75.24231","75.04819","79.65713","79.81677","79.32188","82.26805","82.71657","82.82538","83.34723","83.9326","84.24566","84.24326","85.00232","85.44067","87.22962","86.79665","87.75249","86.65986","82.4897","87.45296","88.54635","88.65154","88.82262","88.59408","88.25769","87.49413"
"SLB","Solomon Islands",".",".",".",".",".",".",".",".","16.66304","16.50494","18.35398","18.92175","18.92175","18.81566","18.25187","18.8345","19.11603","18.92911","18.52448","18.37317","18.61472","20.56395","21.01815","21.62555","21.84995","22.02854","24.51801","25.16696","24.97285","25.13481","25.68069","25.81063","25.81449","25.98522","26.06531","26.6573","26.92752","24.43803","24.37143","24.38483","24.71794","24.89579","25.25771"
"SLE","Sierra Leone","22.93246","23.44807","23.55035","23.40096","23.32035","23.0932","23.72771","23.77977","24.52406","24.8151","24.63556","25.56053","24.39652","24.75108","25.14346","23.54899","23.62393","27.18965","21.62236","24.78298","27.66673","24.7846","24.98421","23.22687","26.60572","25.20841","24.90389","24.45428","28.13022","28.53134","30.36947","29.05305","29.3284","29.61839","36.81127","36.77864","36.22866","37.2317","36.01602","36.30956","38.71737","44.88699","45.74759"
"SLV","El Salvador","32.83129","34.15478","38.22149","38.59952","39.64805","39.47407","39.85224","40.20727","40.81337","41.33846","40.89128","40.66348","40.84146","41.47365","41.30215","41.12719","41.27107","39.87185","38.96177","38.28074","38.88087","39.41582","39.83816","40.90617","41.54788","47.32225","48.70628","47.40453","53.48791","55.43255","55.68906","56.93773","58.76324","59.15982","61.15299","61.01063","62.96572","63.78848","64.66499","63.68098","62.95205","61.07334","60.99961"
"SMR","San Marino",".",".",".",".",".",".",".",".",".",".",".",".",".",".",".",".",".",".",".",".",".",".",".",".",".",".",".",".",".",".",".",".",".",".",".",".",".",".",".",".",".",".","."
"SOM","Somalia","15.45437","16.2699","16.57825","16.47631","15.86466","15.86719","19.19075","20.66087","21.88612","22.09993","22.60643","22.61299","24.31722","24.18364","24.17221","24.05155","24.2134","24.2134","24.09771","24.28623","24.64099","25.52836","24.99002","24.36659","23.41122","22.15967","22.49351","22.95148","23.75293","24.43988","24.60652","25.5321","26.10957","27.60298","27.86058","27.74108","27.74108","25.55762","25.55762","25.59974","25.27524","25.27524","25.38973"
"SRB","Serbia","41.02791","41.02791","41.02791","41.02791","41.02791","41.02791","41.02791","41.02791","41.02791","41.02791","41.02791","41.02791","41.02791","41.02791","41.02791","41.02791","41.08817","41.08817","41.14842","41.20868","42.07667","47.13333","47.55634","47.50661","43.58901","43.72465","43.74578","43.71203","44.39234","42.67571","46.03866","46.21007","52.01401","56.36214","57.73846","54.26397","61.36752","63.10592","63.30539","62.6058","63.38351","63.09021","65.48503"
"STP","Sao Tome and Principe",".",".",".",".",".","20.87357","20.8288","20.73123","20.68645","20.9475","23.09609","23.73017","24.42554","24.47907","25.63494","25.64573","25.60281","25.56604","25.62869","25.89429","26.39064","26.69205","26.65639","27.10253","27.07417","27.24301","27.64198","27.64569","27.59365","28.40737","29.83168","30.3776","30.96262","31.9189","32.24571","31.68296","32.1818","32.34966","32.32898","33.00472","33.40364","33.53794","32.85804"
"SUR","Suriname",".",".",".",".",".","43.11247","45.02763","44.96167","44.61748","44.85678","45.08919","43.85714","44.24823","43.68739","39.92363","39.21873","38.93946","38.65868","38.84802","41.16003","44.26169","44.57254","43.09286","40.75667","39.79325","45.5778","39.19992","40.96912","42.28399","41.34131","40.68396","46.57766","47.01247","47.1786","47.70621","46.9843","47.17128","46.63674","45.17213","46.15302","47.68362","48.9412","48.49479"
"SVK","Slovak Republic",".",".",".",".",".",".",".",".",".",".",".",".",".",".",".",".",".",".",".",".",".",".",".","57.01267","58.7808","63.80618","65.94569","68.20751","70.20931","71.29753","74.60986","75.30515","73.96491","74.29664","82.06421","82.79417","83.53175","84.21951","84.29531","84.10339","84.5924","84.07648","83.51503"
"SVN","Slovenia",".",".",".",".",".",".",".",".",".",".",".",".",".",".",".",".",".",".",".",".",".","41.57691","43.19026","47.18906","50.37851","51.8826","56.90225","62.9809","64.4916","64.75529","66.35668","68.33209","68.98234","71.70802","75.35426","75.56944","76.56586","78.78503","79.06227","77.11985","76.8987","76.58607","76.34303"
"SWE","Sweden","62.68044","63.70754","63.88026","68.40865","69.33096","69.24911","69.74039","70.14508","70.64531","71.06358","71.73718","73.67649","74.85658","76.39091","76.68583","78.00117","78.24322","78.58155","78.47327","78.62534","79.25207","81.59558","81.35728","83.34062","84.53642","85.02412","85.71528","87.2433","88.29919","88.06242","89.05036","88.55185","88.7452","88.76178","89.35997","89.35392","89.20832","89.33006","88.81809","88.41441","88.22325","87.2945","86.5946"
"SWZ","Swaziland","40.45989","40.46317","40.6982","40.83676","41.16522","40.38406","39.86189","39.83503","41.47224","40.23095","41.49976","42.17319","41.95921","41.16671","41.25086","42.8712","43.39902","43.20007","42.92706","44.02665","42.61951","44.02033","43.79383","43.89579","44.67368","43.398","44.27106","43.23603","46.26014","45.99622","46.99798","45.13887","48.47883","47.71733","47.58808","46.10058","48.09406","47.44002","47.41789","51.55285","51.34813","51.204","52.29261"
"SYC","Seychelles","34.58394","34.62483","34.62483","34.62483","34.62483","34.62483","34.62483","34.65399","37.70692","37.84665","37.88747","38.29872","38.50844","38.74149","38.93984","38.56438","39.09374","38.10965","38.71093","39.05046","38.95056","39.49166","40.06207","40.1545","40.86486","41.15091","41.28041","41.87696","42.7142","44.17896","45.02387","44.68113","45.49814","46.32467","46.08503","46.15748","47.95877","48.05881","47.13903","47.96017","48.28531","47.76383","48.65541"
"SYR","Syrian Arab Republic","23.3252","24.20218","24.72229","25.72318","26.76328","27.56033","28.10139","29.09438","28.2464","28.51038","28.70362","28.57814","28.44063","29.30374","29.48725","29.60888","29.8792","31.93809","31.09581","32.02525","32.30273","33.80966","34.05652","34.01409","35.31868","34.86288","35.3828","35.5848","35.38868","36.64748","38.05017","37.80663","38.76403","39.47799","41.91461","42.72579","44.35516","44.45826","44.40939","46.06956","46.2394","45.33247","45.34343"
"TCD","Chad","16.81387","16.85648","16.89331","17.96067","18.32304","18.44515","18.90136","19.46041","19.91213","20.27985","19.31893","19.02287","18.27951","19.39375","20.14806","20.8964","21.89317","21.64194","20.32371","19.7699","19.88181","19.23199","19.56189","20.61112","26.64771","26.79542","21.98075","22.33744","28.06354","29.76011","25.18396","26.93538","32.49351","32.60295","38.38595","37.7055","38.83526","38.11686","37.44645","38.53239","38.23915","37.73027","37.61892"
"TGO","Togo","27.39497","27.70846","27.69072","27.31208","28.85842","30.15135","31.09099","32.509","33.66533","34.27785","34.65691","34.37178","35.88403","36.15627","37.23685","37.99887","37.39031","35.73526","34.91065","38.7712","37.1557","33.21082","32.34624","35.67736","39.8252","39.34672","40.59858","40.26906","42.13132","41.88087","39.77309","36.83307","37.42891","41.87463","44.13743","45.30672","47.22062","47.51568","46.52444","47.3105","48.31965","48.28103","49.47499"
"THA","Thailand","26.19625","26.40527","26.79332","26.97207","27.35714","27.4059","27.86271","28.11211","28.76737","29.67604","29.9111","30.48978","30.35342","30.70786","31.31503","35.79843","35.8195","35.36488","35.21511","35.0968","36.40976","41.90255","43.11548","45.29422","46.06705","48.59616","49.75132","52.05158","54.30139","54.81238","57.83725","60.26565","59.76582","59.49381","60.70655","61.32088","62.67085","62.80436","62.48682","63.69009","64.01404","65.61273","71.02122"
"TJK","Tajikistan",".",".",".",".",".",".",".",".",".",".",".",".",".",".",".",".",".",".",".",".",".","25.01134","23.22694","28.64261","30.55131","32.81699","33.53027","34.26897","34.21262","35.67027","36.74684","36.09653","36.90554","39.03883","37.47164","37.18499","39.42596","39.99475","43.56807","43.47582","44.13478","44.14647","45.01984"
"TKM","Turkmenistan",".",".",".",".",".",".",".",".",".",".",".",".",".",".",".",".",".",".",".",".",".","22.11786","24.16211","24.58623","27.53642","28.41697","28.8102","30.11601","31.62745","31.90942","31.94624","34.77708","34.75389","35.40661","35.27602","35.36457","35.751","36.61528","36.61479","37.08828","37.23841","37.81631","37.96272"
"TMP","Timor-Leste",".",".",".",".",".",".",".",".",".",".",".",".",".",".",".",".",".",".",".",".",".",".",".",".",".",".",".",".",".",".",".",".","34.95687","34.5961","33.33818","30.49","36.45572","37.76387","33.59588","35.18843","35.49848","39.81483","40.41555"
"TON","Tonga","23.53539","23.52658","23.62509","23.7236","23.8221","23.87136","24.04722","26.12357","26.31249","26.36698","26.57698","27.05219","27.31953","27.46729","27.59398","27.811","27.80398","27.76175","27.80291","27.80993","27.86515","28.64985","28.60763","28.84296","28.85089","28.8056","29.00203","29.93533","30.04131","30.03117","30.5585","30.98578","30.85446","30.91729","30.89351","30.88479","30.92764","30.93119","30.72277","30.86588","31.27489","31.6981","31.89311"
"TTO","Trinidad and Tobago","41.19527","41.5302","41.43872","41.68167","42.41007","42.62001","43.64337","43.78955","42.79004","43.83351","43.86767","43.58668","41.02322","42.26954","42.8183","43.70273","44.79759","44.1639","44.22559","44.71755","44.74794","47.03109","47.10749","49.72806","54.60103","62.31062","61.63293","58.21106","57.46193","57.71932","58.75324","61.35926","55.85001","55.53148","54.4847","56.05012","57.01917","56.56789","56.62455","56.87404","56.94466","62.39686","63.55973"
"TUN","Tunisia","39.39007","40.68694","41.37304","42.27076","43.12409","43.81096","44.36691","44.48652","44.46492","45.19398","44.96964","45.56567","45.68714","45.6516","45.47403","45.80376","46.5671","46.49437","46.65034","49.51896","48.69695","49.7259","50.64461","51.53594","52.02451","52.17709","51.86578","52.29908","52.44527","53.86047","54.98406","55.7996","56.69778","56.8972","57.6634","59.88175","59.23843","59.82817","59.80371","59.46271","60.30205","59.41158","58.63657"
"TUR","Turkey","33.32344","33.51514","33.75687","33.81636","34.14662","34.15832","34.90715","35.4254","35.67434","35.9187","36.40358","36.66344","36.87059","38.0122","39.50474","40.6118","44.09669","44.42562","49.03758","48.37551","45.90265","48.96291","52.21235","54.69183","59.36546","60.31366","60.68344","62.03465","60.43661","61.43196","62.32922","63.62747","62.09594","63.06265","63.81516","69.61529","67.74776","68.67423","68.73636","70.10043","69.25711","68.17067","69.01876"
"TZA","Tanzania","23.60222","23.98633","24.08136","24.47144","24.92446","25.1842","25.51378","25.7414","25.54681","25.34158","25.24653","25.01291","24.5694","24.61922","25.29783","25.53909","26.08168","25.37233","23.92255","23.02175","23.17838","24.03272","25.3524","25.47063","25.19705","29.60304","29.00583","29.95666","30.90561","31.39999","32.50828","32.96799","33.72067","35.32745","37.0148","37.54592","37.16863","39.16885","38.74706","38.84972","39.02723","38.43974","37.17458"
"UGA","Uganda","19.67189","20.33556","19.8825","20.41667","20.90902","21.2179","21.58183","21.89634","21.94735","21.99157","22.14009","21.92241","21.40919","22.68676","21.43735","21.62177","22.33656","21.03771","20.23845","19.39223","20.02733","21.99187","22.84191","22.99723","23.84034","25.16815","26.06933","27.78775","30.00285","31.96153","33.50867","34.64193","35.34755","37.06688","43.78796","41.70903","42.54279","44.36992","45.52314","46.57579","45.35872","45.39893","45.80538"
"UKR","Ukraine",".",".",".",".",".",".",".",".",".",".",".",".",".",".",".",".",".",".",".",".",".","28.42147","32.99148","35.0083","39.09794","43.03059","45.3361","51.96698","53.85384","55.95433","58.64181","58.91073","59.13053","59.68878","61.26807","62.75743","63.53205","65.23939","66.50486","68.37875","67.91667","68.48109","69.4978"
"URY","Uruguay","48.3307","47.92011","48.00716","47.57129","47.85323","47.87075","47.67748","47.57049","47.59875","46.94591","46.79404","46.89894","48.11087","52.36333","52.00262","52.28725","51.98336","50.18264","49.6319","49.70042","49.47044","54.16324","54.76256","55.97527","56.77992","59.63038","60.81168","60.76518","61.19674","62.09839","61.94025","62.45386","60.46703","62.59882","64.15203","65.16277","65.46391","66.03021","66.54945","66.87262","66.43444","65.87769","65.67597"
"USA","United States","58.44531","58.71219","58.81544","59.44128","60.10567","60.25478","60.73771","61.30612","61.89437","62.28233","62.79786","63.17725","63.3863","63.4113","63.77905","68.84906","69.36211","69.54808","69.69408","70.04321","69.51627","71.12349","71.22392","72.47221","73.00054","74.33492","74.37509","74.91257","75.58234","75.95175","76.47945","75.81367","74.7294","75.36529","76.01833","75.9937","76.72247","77.39343","76.41373","74.7014","74.78836","74.77825","74.81458"
"UZB","Uzbekistan",".",".",".",".",".",".",".",".",".",".",".",".",".",".",".",".",".",".",".",".",".","19.41276","21.8725","22.54017","23.92251","26.04971","27.43205","28.12073","29.17912","29.86436","31.68604","32.70208","33.9292","35.2314","35.45211","36.19604","37.86226","40.41044","40.59101","41.47709","40.40013","41.67435","42.33553"
"VCT","St. Vincent and the Grenadines",".",".",".",".",".",".",".",".",".","29.78709","29.76324","30.38391","30.42606","30.51739","30.54552","30.58768","30.57381","30.67916","30.85392","32.38585","32.53247","34.07063","34.29447","34.38579","34.99857","36.08546","36.87922","37.3388","38.14676","39.11111","39.04821","39.79739","40.3567","41.08501","41.1435","41.77557","41.69262","41.72203","40.85645","40.66599","41.49552","42.01939","40.69344"
"VEN","Venezuela, RB","37.47521","38.32634","37.97731","39.47145","40.25592","39.72716","39.61862","40.52182","41.49641","41.57181","41.95162","42.27248","42.70867","42.54613","44.29755","47.71195","47.23979","47.31762","46.14528","46.836","46.98932","53.21444","53.74403","55.52097","56.77009","56.48236","57.78598","59.25764","59.48719","59.32534","59.8819","59.58462","58.87059","60.53328","56.74328","57.25506","55.99382","54.061","52.85035","50.92968","50.05116","51.24862","51.83058"
"VIR","Virgin Islands (U.S.)",".",".",".",".",".",".",".",".",".",".",".",".",".",".",".",".",".",".",".",".",".",".",".",".",".",".",".",".",".",".",".",".",".",".",".",".",".",".",".",".",".",".","."
"VNM","Vietnam","19.04719","19.14379","19.27414","18.7206","19.11166","18.91613","19.08114","19.14631","19.27828","20.02664","20.02664","20.47956","20.67452","20.48226","20.7114","20.77657","20.84336","20.85612","20.90031","22.6444","24.70072","25.00666","25.66865","26.22903","28.02049","30.07782","32.15543","33.79034","34.98378","35.64596","36.93413","37.89032","37.53669","40.08739","40.06431","42.13739","43.64429","46.07658","47.68445","46.34311","48.13548","48.09069","49.12933"
"VUT","Vanuatu",".",".",".",".",".",".",".",".",".",".","28.69304","28.94784","29.45186","30.39082","30.28387","31.61495","31.32149","31.30063","31.19054","31.07598","31.67097","31.92362","31.77497","31.60373","31.67602","32.07714","32.126","32.83647","34.35212","35.56278","41.98214","42.87526","43.58426","38.58059","39.09661","44.55767","45.50592","45.95163","46.0103","47.31655","48.29413","42.51221","43.52301"
"WBG","West Bank and Gaza","27.03882","27.03882","27.03882","27.03882","27.03882","27.03882","27.03882","27.03882","27.03882","27.03882","27.03882","27.03882","27.03882","27.03882","27.03882","27.03882","27.03882","27.03882","27.03882","27.03882","27.03882","27.03882","27.03882","27.03882","27.03882","27.03882","27.03882","27.10857","27.03882","27.31781","27.66654","28.63033","29.37779","31.38033","32.36039","32.57395","33.13483","33.45984","33.6734","33.94148","34.2665","34.3484","34.45518"
"WSM","Samoa","36.24695","36.24695","36.24695","36.28785","36.23964","36.23964","36.28053","36.32143","38.34718","38.34718","38.70927","38.94088","38.81819","38.70717","38.61955","38.46032","38.50705","38.50557","38.6451","38.79629","39.47292","40.01618","39.91035","39.64455","40.13398","40.48895","40.65916","40.30336","41.52838","41.96193","51.30265","52.4332","52.80146","53.40851","46.71943","46.85297","52.49818","52.71255","52.46222","52.95879","45.61636","52.91513","52.89877"
"YEM","Yemen, Rep.","28.18285","28.1491","28.63396","29.35089","29.31714","29.44749","29.18679","29.34857","29.60927","29.51035","29.60695","29.61207","29.61719","29.48452","29.42214","29.65654","29.58904","30.8918","30.8918","30.72306","31.02615","33.63293","33.95218","35.31482","35.37246","36.88532","38.9403","39.5841","38.28703","38.95598","38.74276","38.84905","39.79745","44.31952","44.75777","44.47811","45.88439","47.03772","47.99884","47.98285","47.94931","48.76789","47.82167"
"ZAF","South Africa","37.21084","36.51167","36.93804","37.243","37.84608","38.73187","38.90681","39.28037","39.26781","39.0834","38.91655","38.50794","38.37926","38.28519","38.09241","39.46161","40.80437","39.23596","38.26979","37.50866","37.49754","36.91294","37.12509","37.81333","39.55654","46.0522","48.69685","51.15017","52.93571","59.3107","60.76079","62.45197","62.43476","62.45582","61.78285","62.63995","63.66275","64.85477","64.96318","63.96508","64.64802","64.57711","64.81697"
"ZAR","Congo, Dem. Rep.","20.22988","20.33914","20.41899","20.68909","19.80403","19.52267","20.93124","21.03238","20.85045","20.77621","20.42244","21.47787","21.29173","21.7829","23.79893","24.42236","23.65649","23.36298","21.74733","20.58674","21.06534","21.02963","20.60369","19.4727","20.87729","21.57754","22.72077","22.54326","24.53474","24.62606","24.67933","26.683","27.98182","29.27287","28.0466","26.06941","26.67664","35.06992","35.8752","37.52378","39.80097","40.67326","40.35488"
"ZMB","Zambia","31.79092","32.39185","33.7056","33.1734","33.55841","33.77215","32.92214","33.26958","33.5489","34.20094","34.89973","34.35746","35.06779","36.53587","36.86288","38.41646","39.03656","38.73179","41.90133","41.77845","42.67788","42.89195","40.26121","44.27276","44.04892","44.71128","46.6772","47.05402","47.32708","48.08192","49.98839","49.95912","51.04658","50.79547","53.32011","51.9452","53.33061","53.91681","52.35085","51.45581","53.38313","50.89717","50.86173"
"ZWE","Zimbabwe",".",".",".",".",".",".",".",".",".",".","27.84608","28.20217","29.0329","29.52286","29.03375","29.61596","30.56735","30.56847","29.81273","29.61211","29.50229","36.72446","39.19145","41.34612","43.28543","44.73829","43.5823","43.45473","43.40473","43.32409","44.5997","44.19525","43.68887","45.01309","44.87194","44.60075","45.9259","45.85704","47.22039","47.58236","49.42019","49.938","49.61469"
